Set,Seed,Threshold,Threshold (eff.),Joint winner,Disc. rescue,Val. rescue,Val. Spec,# candidates,Split two-stage,= reference,= split two-stage
paper,0,32,32,L44E069,+0.540,+0.441,+0.396,486,L44E069,yes,yes
paper,0,48,48,L44E069,+0.540,+0.441,+0.396,344,L44E069,yes,yes
paper,0,64,64,L44E069,+0.540,+0.441,+0.396,246,L44E069,yes,yes
paper,0,80,80,L44E069,+0.540,+0.441,+0.396,148,L44E069,yes,yes
paper,0,96,96,L44E069,+0.540,+0.441,+0.396,68,L44E069,yes,yes
paper,1,32,32,L44E069,+0.493,+0.487,+0.426,507,L44E069,yes,yes
paper,1,48,48,L44E069,+0.493,+0.487,+0.426,330,L44E069,yes,yes
paper,1,64,64,L44E069,+0.493,+0.487,+0.426,227,L44E069,yes,yes
paper,1,80,80,L44E069,+0.493,+0.487,+0.426,138,L44E069,yes,yes
paper,1,96,96,L44E069,+0.493,+0.487,+0.426,62,L44E069,yes,yes
paper,2,32,32,L44E069,+0.447,+0.533,+0.481,487,L44E069,yes,yes
paper,2,48,48,L44E069,+0.447,+0.533,+0.481,340,L44E069,yes,yes
paper,2,64,64,L44E069,+0.447,+0.533,+0.481,226,L44E069,yes,yes
paper,2,80,80,L44E069,+0.447,+0.533,+0.481,139,L44E069,yes,yes
paper,2,96,96,L44E069,+0.447,+0.533,+0.481,58,L44E069,yes,yes
paper,3,32,32,L44E069,+0.462,+0.518,+0.450,503,L44E069,yes,yes
paper,3,48,48,L44E069,+0.462,+0.518,+0.450,333,L44E069,yes,yes
paper,3,64,64,L44E069,+0.462,+0.518,+0.450,214,L44E069,yes,yes
paper,3,80,80,L44E069,+0.462,+0.518,+0.450,117,L44E069,yes,yes
paper,3,96,96,L44E069,+0.462,+0.518,+0.450,60,L44E069,yes,yes
paper,4,32,32,L42E115,+0.493,+0.415,+0.377,493,L44E069,,
paper,4,48,48,L42E115,+0.493,+0.415,+0.377,340,L44E069,,
paper,4,64,64,L42E115,+0.493,+0.415,+0.377,227,L44E069,,
paper,4,80,80,L42E115,+0.493,+0.415,+0.377,130,L44E069,,
paper,4,96,96,L42E115,+0.493,+0.415,+0.377,61,L44E069,,
strict,0,32,32,L42E115,+0.437,+0.451,+0.433,494,L44E069,,
strict,0,48,48,L42E115,+0.437,+0.451,+0.433,330,L44E069,,
strict,0,64,64,L42E115,+0.437,+0.451,+0.433,219,L44E069,,
strict,0,80,80,L42E115,+0.437,+0.451,+0.433,109,L44E069,,
strict,0,96,96,L42E115,+0.437,+0.451,+0.433,51,L44E069,,
strict,1,32,32,L42E115,+0.417,+0.471,+0.453,491,L44E069,,
strict,1,48,48,L42E115,+0.417,+0.471,+0.453,336,L44E069,,
strict,1,64,64,L42E115,+0.417,+0.471,+0.453,223,L44E069,,
strict,1,80,80,L42E115,+0.417,+0.471,+0.453,126,L44E069,,
strict,1,96,96,L42E115,+0.417,+0.471,+0.453,56,L44E069,,
strict,2,32,32,L44E069,+0.431,+0.493,+0.444,488,L44E069,yes,yes
strict,2,48,48,L44E069,+0.431,+0.493,+0.444,334,L44E069,yes,yes
strict,2,64,64,L44E069,+0.431,+0.493,+0.444,221,L44E069,yes,yes
strict,2,80,80,L44E069,+0.431,+0.493,+0.444,126,L44E069,yes,yes
strict,2,96,96,L44E069,+0.431,+0.493,+0.444,55,L44E069,yes,yes
strict,3,32,32,L44E069,+0.513,+0.411,+0.342,495,L44E069,yes,yes
strict,3,48,48,L44E069,+0.513,+0.411,+0.342,335,L44E069,yes,yes
strict,3,64,64,L44E069,+0.513,+0.411,+0.342,222,L44E069,yes,yes
strict,3,80,80,L44E069,+0.513,+0.411,+0.342,128,L44E069,yes,yes
strict,3,96,96,L44E069,+0.513,+0.411,+0.342,57,L44E069,yes,yes
strict,4,32,32,L44E069,+0.533,+0.391,+0.336,490,L44E069,yes,yes
strict,4,48,48,L44E069,+0.533,+0.391,+0.336,338,L44E069,yes,yes
strict,4,64,64,L44E069,+0.533,+0.391,+0.336,237,L44E069,yes,yes
strict,4,80,80,L44E069,+0.533,+0.391,+0.336,145,L44E069,yes,yes
strict,4,96,96,L44E069,+0.533,+0.391,+0.336,67,L44E069,yes,yes
relaxed,0,32,64,L42E115,+0.406,+0.432,+0.413,496,L44E069,,
relaxed,0,48,96,L42E115,+0.406,+0.432,+0.413,326,L44E069,,
relaxed,0,64,128,L42E115,+0.406,+0.432,+0.413,216,L44E069,,
relaxed,0,80,160,L42E115,+0.406,+0.432,+0.413,107,L44E069,,
relaxed,0,96,192,L42E115,+0.406,+0.432,+0.413,54,L44E069,,
relaxed,1,32,64,L42E115,+0.389,+0.449,+0.427,488,L44E069,,
relaxed,1,48,96,L42E115,+0.389,+0.449,+0.427,338,L44E069,,
relaxed,1,64,128,L42E115,+0.389,+0.449,+0.427,229,L44E069,,
relaxed,1,80,160,L42E115,+0.389,+0.449,+0.427,122,L44E069,,
relaxed,1,96,192,L42E115,+0.389,+0.449,+0.427,56,L44E069,,
relaxed,2,32,64,L44E069,+0.425,+0.399,+0.345,493,L44E069,yes,yes
relaxed,2,48,96,L44E069,+0.425,+0.399,+0.345,337,L44E069,yes,yes
relaxed,2,64,128,L44E069,+0.425,+0.399,+0.345,225,L44E069,yes,yes
relaxed,2,80,160,L44E069,+0.425,+0.399,+0.345,129,L44E069,yes,yes
relaxed,2,96,192,L44E069,+0.425,+0.399,+0.345,57,L44E069,yes,yes
relaxed,3,32,64,L44E069,+0.464,+0.359,+0.295,492,L44E069,yes,yes
relaxed,3,48,96,L44E069,+0.464,+0.359,+0.295,333,L44E069,yes,yes
relaxed,3,64,128,L44E069,+0.464,+0.359,+0.295,222,L44E069,yes,yes
relaxed,3,80,160,L44E069,+0.464,+0.359,+0.295,132,L44E069,yes,yes
relaxed,3,96,192,L44E069,+0.464,+0.359,+0.295,57,L44E069,yes,yes
relaxed,4,32,64,L42E115,+0.410,+0.428,+0.399,495,L44E069,,
relaxed,4,48,96,L42E115,+0.410,+0.428,+0.399,334,L44E069,,
relaxed,4,64,128,L42E115,+0.410,+0.428,+0.399,223,L44E069,,
relaxed,4,80,160,L42E115,+0.410,+0.428,+0.399,128,L44E069,,
relaxed,4,96,192,L42E115,+0.410,+0.428,+0.399,59,L44E069,,
