layer,expert,pair,disc_active,disc_allcase_mean,val_active,val_rescue,val_rescue_lo,val_rescue_hi,val_rescue_p,val_spec,val_spec_lo,val_spec_hi,val_spec_p,val_control,val_rescue_active,rank,is_two_stage
19,2,L19E002,79,0.3642578125,90,0.42578125,0.31883544921875,0.5459106445312498,0.0,0.25732421875,0.14794921875,0.37890625,0.0,0.16845703125,0.6055555555555555,1,True
21,1,L21E001,91,0.29150390625,86,0.35400390625,0.26610107421875,0.45458984375,0.0,0.2001953125,0.10887451171875001,0.3022583007812498,0.0003,0.15380859375,0.5268895348837209,2,False
18,1,L18E001,101,0.21484375,100,0.23681640625,0.1728515625,0.3046997070312498,0.0,0.14306640625,0.07275390625,0.21728515625,0.0,0.09375,0.303125,3,False
22,1,L22E001,98,0.19775390625,95,0.181640625,0.1259765625,0.24267578125,0.0,0.08154296875,0.009765625,0.15576171875,0.0284,0.10009765625,0.24473684210526317,4,False
20,5,L20E005,68,0.1171875,73,0.1845703125,0.12890625,0.24757080078124982,0.0,-0.048828125,-0.11865234375,0.021984863281249822,0.1798,0.2333984375,0.3236301369863014,5,False
28,2,L28E002,84,0.09814453125,82,0.1025390625,0.0634765625,0.1455078125,0.0,-0.029296875,-0.09912109375,0.03468017578124982,0.4025,0.1318359375,0.1600609756097561,6,False
19,6,L19E006,70,0.09521484375,63,0.09326171875,0.06005859375,0.1279296875,0.0,-0.24951171875,-0.34326171875,-0.16357421875,0.0,0.3427734375,0.18948412698412698,7,False
23,2,L23E002,67,0.08642578125,65,0.11181640625,0.0732421875,0.15478515625,0.0,-0.01806640625,-0.07520751953124999,0.03662109375,0.553,0.1298828125,0.2201923076923077,8,False
25,3,L25E003,73,0.0810546875,68,0.07666015625,0.0390625,0.11573486328124982,0.0002,-0.0439453125,-0.10693359375,0.0166015625,0.1695,0.12060546875,0.14430147058823528,9,False
22,5,L22E005,78,0.080078125,63,0.10205078125,0.06201171875,0.14454345703124982,0.0,-0.0546875,-0.11865234375,0.0078125,0.0987,0.15673828125,0.20734126984126985,10,False
26,3,L26E003,72,0.06201171875,67,0.02880859375,0.005859375,0.0546875,0.0253,-0.04248046875,-0.08106689453124999,-0.00146484375,0.0407,0.0712890625,0.05503731343283582,11,
17,5,L17E005,81,0.05224609375,89,0.07177734375,0.04541015625,0.09912109375,0.0,-0.02880859375,-0.0703125,0.009777832031249822,0.1782,0.1005859375,0.10323033707865169,12,
17,1,L17E001,107,0.05126953125,112,0.0927734375,0.06201171875,0.125,0.0,-0.0029296875,-0.044921875,0.03955078125,0.9111,0.095703125,0.10602678571428571,13,
15,5,L15E005,76,0.048828125,84,0.06787109375,0.03466796875,0.1015625,0.0005,0.01123046875,-0.02685546875,0.05029296875,0.5804,0.056640625,0.10342261904761904,14,
18,6,L18E006,64,0.02978515625,77,0.05322265625,0.03515625,0.0712890625,0.0,-0.20654296875,-0.2734375,-0.14501953125,0.0,0.259765625,0.08847402597402597,15,
24,7,L24E007,69,0.0244140625,68,0.06005859375,0.01953125,0.10352783203124982,0.0062,-0.04248046875,-0.11085205078124999,0.0224609375,0.2252,0.1025390625,0.1130514705882353,16,
14,1,L14E001,97,0.01904296875,104,0.029296875,0.00439453125,0.0537109375,0.0241,0.00439453125,-0.02685546875,0.03369140625,0.8072,0.02490234375,0.036057692307692304,17,
2,6,L2E006,69,0.017578125,69,0.01416015625,-0.00341796875,0.03173828125,0.1221,0.00390625,-0.01708984375,0.02490234375,0.7526,0.01025390625,0.026268115942028984,18,
6,7,L6E007,93,0.01708984375,94,0.0263671875,-0.00390625,0.056640625,0.1003,0.01513671875,-0.01806640625,0.0478515625,0.3865,0.01123046875,0.03590425531914894,19,
10,4,L10E004,107,0.0166015625,104,-0.0029296875,-0.0263671875,0.0205078125,0.8392,-0.01806640625,-0.044921875,0.0078125,0.2055,0.01513671875,-0.003605769230769231,20,
11,6,L11E006,76,0.01318359375,73,0.00830078125,-0.01806640625,0.0361328125,0.5799,-0.01171875,-0.04443359375,0.02099609375,0.5021,0.02001953125,0.014554794520547944,21,
4,2,L4E002,71,0.0126953125,76,0.02294921875,0.00146484375,0.0478515625,0.0569,0.0,-0.0283203125,0.029296875,1.0,0.02294921875,0.038651315789473686,22,
14,5,L14E005,71,0.01123046875,63,0.005859375,-0.0087890625,0.0224609375,0.5566,-0.02099609375,-0.05126953125,0.009765625,0.1992,0.02685546875,0.011904761904761904,23,
16,5,L16E005,70,0.0107421875,81,0.04931640625,0.028308105468750004,0.072265625,0.0,-0.017578125,-0.052746582031249996,0.01953125,0.3771,0.06689453125,0.0779320987654321,24,
11,0,L11E000,100,0.00927734375,103,0.02001953125,-0.0009765625,0.0400390625,0.0651,0.00732421875,-0.0244140625,0.03955078125,0.6915,0.0126953125,0.02487864077669903,25,
15,6,L15E006,77,0.0078125,71,0.01708984375,0.001953125,0.03173828125,0.0253,-0.0703125,-0.10498046875,-0.03563232421875018,0.0001,0.08740234375,0.030809859154929578,26,
3,4,L3E004,65,0.00439453125,66,0.0,-0.01708984375,0.0185546875,1.0,-0.0078125,-0.033203125,0.017590332031249822,0.5715,0.0078125,0.0,27,
9,0,L9E000,96,0.00048828125,79,-0.00390625,-0.02685546875,0.01806640625,0.7648,-0.0283203125,-0.05517578125,-0.00048828125,0.0533,0.0244140625,-0.006329113924050633,28,
0,4,L0E004,71,-0.00048828125,76,0.00341796875,-0.0078125,0.01416015625,0.6007,-0.009765625,-0.02490234375,0.00439453125,0.2162,0.01318359375,0.005756578947368421,29,
5,0,L5E000,84,-0.00146484375,94,0.0439453125,0.01416015625,0.0751953125,0.0038,0.01123046875,-0.026867675781249996,0.05419921875,0.6182,0.03271484375,0.0598404255319149,30,
9,4,L9E004,76,-0.00146484375,76,0.015625,-0.0029296875,0.0341796875,0.1195,0.0078125,-0.01953125,0.0341796875,0.5971,0.0078125,0.02631578947368421,31,
7,4,L7E004,65,-0.001953125,56,-0.00439453125,-0.02490234375,0.0146484375,0.7264,-0.00341796875,-0.03564453125,0.02783203125,0.857,-0.0009765625,-0.010044642857142858,32,
10,7,L10E007,109,-0.001953125,104,0.02294921875,0.00047607421875000416,0.04638671875,0.0558,0.02685546875,-0.00048828125,0.05517578125,0.0723,-0.00390625,0.028245192307692308,33,
8,6,L8E006,68,-0.00244140625,81,0.01171875,-0.0146484375,0.0380859375,0.4025,-0.01953125,-0.05419921875,0.01611328125,0.2996,0.03125,0.018518518518518517,34,
4,7,L4E007,83,-0.00634765625,87,0.02294921875,0.00341796875,0.0419921875,0.022,0.00634765625,-0.02197265625,0.03564453125,0.6857,0.0166015625,0.033764367816091954,35,
16,7,L16E007,98,-0.00830078125,109,0.06201171875,0.030749511718750004,0.09326171875,0.0,-0.01708984375,-0.050793457031249996,0.0166015625,0.334,0.0791015625,0.07282110091743119,36,
13,0,L13E000,90,-0.0146484375,94,0.02685546875,0.0009765625,0.052734375,0.0505,0.013671875,-0.01513671875,0.04298095703124982,0.3746,0.01318359375,0.036569148936170214,37,
30,4,L30E004,82,-0.01513671875,82,-0.00390625,-0.03662109375,0.02783203125,0.8416,0.06787109375,0.013171386718750004,0.11915283203124982,0.0124,-0.07177734375,-0.006097560975609756,38,
12,1,L12E001,64,-0.02099609375,69,0.001953125,-0.01953125,0.0234375,0.9301,-0.009765625,-0.03662109375,0.016125488281249822,0.5001,0.01171875,0.0036231884057971015,39,
29,3,L29E003,86,-0.03955078125,88,0.0087890625,-0.01806640625,0.037109375,0.5643,0.02099609375,-0.0458984375,0.08837890625,0.5489,-0.01220703125,0.01278409090909091,40,
29,4,L29E004,107,-0.044921875,104,0.02392578125,-0.040539550781249996,0.0888671875,0.4762,0.02490234375,-0.0439453125,0.09228515625,0.4774,-0.0009765625,0.029447115384615384,41,
31,7,L31E007,99,-0.05712890625,103,-0.0146484375,-0.061047363281249996,0.03223876953124982,0.5514,0.08984375,0.019519042968750004,0.16407470703124982,0.0162,-0.1044921875,-0.01820388349514563,42,
31,2,L31E002,88,-0.09716796875,92,-0.06396484375,-0.14649658203125,0.0205078125,0.1334,-0.013671875,-0.08203125,0.0556640625,0.7129,-0.05029296875,-0.08899456521739131,43,
