kind,layer,mean,ci_lo,ci_hi,pos_frac,n,vnorm_mean,split,increment
attn_layer,0,0.029754638671875,-0.10813217163085938,0.17013626098632811,0.4453125,128,0.5868505475227721,validation,
attn_layer,1,-0.09773635864257812,-0.2269693374633789,0.006935882568359253,0.390625,128,1.410723814740777,validation,
attn_layer,2,-0.010040283203125,-0.052032470703125,0.028324890136718683,0.3828125,128,2.176476751687005,validation,
attn_layer,3,0.01800537109375,-0.06302032470703126,0.09979324340820311,0.3984375,128,2.7719591152854264,validation,
attn_layer,4,0.06696319580078125,0.030959701538085936,0.10198993682861328,0.5,128,3.3274478120729327,validation,
attn_layer,5,0.051849365234375,-0.001379394531249998,0.10595703125,0.5,128,3.884599668905139,validation,
attn_layer,6,0.04058074951171875,-0.01568603515625,0.09450244903564446,0.5078125,128,4.28650658018887,validation,
attn_layer,7,0.005859375,-0.060243988037109376,0.0620780944824218,0.4765625,128,5.60176526941359,validation,
attn_layer,8,0.082183837890625,0.031127166748046876,0.13620147705078123,0.5390625,128,5.81752123311162,validation,
attn_layer,9,0.006439208984375,-0.0345489501953125,0.04626693725585934,0.4296875,128,6.067405100911856,validation,
attn_layer,10,0.00839996337890625,-0.029508781433105466,0.0412624359130859,0.4296875,128,6.7086702939122915,validation,
attn_layer,11,0.030120849609375,-0.012302398681640623,0.07086791992187491,0.4140625,128,7.677666962146759,validation,
attn_layer,12,0.00965118408203125,-0.042791748046874994,0.05765628814697264,0.421875,128,8.967090709134936,validation,
attn_layer,13,0.0255126953125,-0.025909423828125,0.07254333496093746,0.46875,128,9.079517429694533,validation,
attn_layer,14,0.07720565795898438,0.0283203125,0.12927637100219716,0.53125,128,11.488469893112779,validation,
attn_layer,15,0.32342529296875,0.24181671142578126,0.40967025756835934,0.7109375,128,14.172468872740865,validation,
attn_layer,16,0.08319091796875,0.047119140625,0.12173614501953123,0.5390625,128,14.32138217240572,validation,
attn_layer,17,-0.008758544921875,-0.0598480224609375,0.033938598632812456,0.3984375,128,16.917873471975327,validation,
attn_layer,18,0.7975921630859375,0.6484310150146484,0.9557003021240232,0.75,128,23.879249699413776,validation,
attn_layer,19,0.825836181640625,0.70306396484375,0.9517532348632812,0.9296875,128,26.383738797158003,validation,
attn_layer,20,0.08575439453125,0.04464569091796875,0.13128890991210934,0.5546875,128,26.957316044718027,validation,
attn_layer,21,0.11456298828125,0.06268310546875,0.16946868896484368,0.546875,128,25.193937204778194,validation,
attn_layer,22,-0.00128173828125,-0.03241043090820313,0.026887512207031228,0.3359375,128,20.49410130083561,validation,
attn_layer,23,0.05350494384765625,0.020636558532714844,0.08588504791259764,0.4765625,128,24.776226721704006,validation,
attn_layer,24,0.9288749694824219,0.7858197212219238,1.081708812713623,0.9140625,128,26.239758551120758,validation,
attn_layer,25,0.02984619140625,0.004393768310546876,0.059021759033203114,0.3515625,128,21.623535376042128,validation,
attn_layer,26,0.035849571228027344,0.0008560895919799815,0.0739787578582763,0.3359375,128,27.199577074497938,validation,
attn_layer,27,0.166168212890625,0.118408203125,0.222808837890625,0.6015625,128,33.685314521193504,validation,
attn_layer,28,0.1005859375,0.05761642456054687,0.15304641723632811,0.5703125,128,36.207570284605026,validation,
attn_layer,29,0.5391006469726562,0.44510555267333984,0.6396936416625976,0.875,128,59.70655592530966,validation,
attn_layer,30,0.1150360107421875,0.07948150634765624,0.15185546875,0.625,128,62.28278584778309,validation,
attn_layer,31,0.2883453369140625,0.16524925231933593,0.3999561309814452,0.703125,128,526.5862445235252,validation,
layer,0,0.036590576171875,-0.10541458129882812,0.1815101623535153,0.4375,128,17.30181250302121,validation,
layer,1,0.052215576171875,-0.09738845825195312,0.20810241699218746,0.3515625,128,1005.5392305925488,validation,
layer,2,0.01171875,-0.02179412841796875,0.04370498657226557,0.3828125,128,1.5638733064761254,validation,
layer,3,-0.03106689453125,-0.10773468017578125,0.03997955322265623,0.390625,128,3.107324567536125,validation,
layer,4,0.022796630859375,-0.031158447265625,0.07676162719726548,0.4453125,128,3.977305648579204,validation,
layer,5,0.004852294921875,-0.052524566650390625,0.061981201171875,0.421875,128,5.406171902752249,validation,
layer,6,0.029144287109375,-0.030673980712890625,0.092864990234375,0.390625,128,6.516198629193241,validation,
layer,7,-0.018951416015625,-0.10529251098632812,0.05307388305664057,0.421875,128,7.47738336774637,validation,
layer,8,0.001312255859375,-0.054901123046875,0.056884765625,0.3671875,128,8.243750782625284,validation,
layer,9,-0.034210205078125,-0.13504104614257811,0.05844345092773434,0.4296875,128,12.80244735092856,validation,
layer,10,0.018890380859375,-0.045870208740234376,0.07886352539062491,0.4140625,128,9.441387518425472,validation,
layer,11,0.019012451171875,-0.038153076171874994,0.07785110473632811,0.4140625,128,11.828607141389512,validation,
layer,12,0.001434326171875,-0.07291183471679687,0.076416015625,0.453125,128,15.249868032871746,validation,
layer,13,0.069671630859375,-0.00640869140625,0.1547912597656249,0.3984375,128,12.500294179655612,validation,
layer,14,0.023529052734375,-0.042057037353515625,0.08374252319335934,0.4609375,128,14.306826476473361,validation,
layer,15,0.08123779296875,0.023705291748046878,0.14331359863281246,0.4609375,128,17.134160043584416,validation,
layer,16,0.081146240234375,-0.006410980224609375,0.1638244628906249,0.5390625,128,20.061742935562506,validation,
layer,17,0.1154937744140625,0.04932975769042969,0.18329238891601557,0.4921875,128,23.557848939904943,validation,
layer,18,0.231658935546875,0.14650802612304686,0.3204391479492187,0.5546875,128,31.94438171898946,validation,
layer,19,0.463775634765625,0.33778152465820316,0.5893005371093749,0.734375,128,55.070337696000934,validation,
layer,20,0.388580322265625,0.28886871337890624,0.4922233581542968,0.6875,128,36.97562154335901,validation,
layer,21,0.531219482421875,0.41693115234375,0.6564949035644532,0.71875,128,38.11256424989551,validation,
layer,22,0.256805419921875,0.170098876953125,0.346038818359375,0.59375,128,37.03750172338914,validation,
layer,23,0.2164459228515625,0.15052299499511718,0.28526802062988277,0.6484375,128,35.11856054444797,validation,
layer,24,0.150177001953125,0.05645675659179687,0.24884338378906246,0.484375,128,39.71763945010025,validation,
layer,25,0.245574951171875,0.141448974609375,0.36707458496093737,0.5546875,128,40.138704139506444,validation,
layer,26,0.07320404052734375,0.014159393310546876,0.13526153564453125,0.5,128,41.070927939144894,validation,
layer,27,0.088836669921875,-0.012361145019531249,0.20362548828124982,0.421875,128,47.48373293550685,validation,
layer,28,0.069854736328125,-0.028322601318359373,0.17132797241210934,0.4453125,128,65.70701335649937,validation,
layer,29,-0.0446624755859375,-0.16260337829589844,0.07043380737304666,0.421875,128,152.14484614133835,validation,
layer,30,-0.1721954345703125,-0.3022029876708984,-0.04538879394531259,0.34375,128,506.91112595796585,validation,
layer,31,-0.070465087890625,-0.23263626098632811,0.0952316284179685,0.34375,128,352.2936720252037,validation,
block,0,0.029754638671875,-0.10813217163085938,0.17013626098632811,0.4453125,128,17.392343770014122,validation,
block,1,0.022186279296875,-0.11979141235351562,0.16522598266601557,0.375,128,1005.534980007913,validation,
block,2,0.03619384765625,-0.01315765380859375,0.09225921630859368,0.4296875,128,2.8872645385563374,validation,
block,3,0.040740966796875,-0.03470535278320312,0.12204360961914057,0.4375,128,4.479893091134727,validation,
block,4,0.055145263671875,-0.010346984863281249,0.12072982788085934,0.484375,128,5.347694609314203,validation,
block,5,0.082672119140625,0.014156341552734377,0.15512161254882811,0.5234375,128,6.817286530509591,validation,
block,6,0.095672607421875,0.022183227539062503,0.17773666381835934,0.5078125,128,7.810149053111672,validation,
block,7,0.091522216796875,0.002767944335937503,0.18554916381835934,0.5625,128,9.123217577114701,validation,
block,8,0.074432373046875,0.01797332763671875,0.1312316894531249,0.5234375,128,9.50242517888546,validation,
block,9,-0.012603759765625,-0.11056900024414062,0.08362274169921868,0.46875,128,13.267087826505303,validation,
block,10,0.032806396484375,-0.04334335327148437,0.10205078125,0.4296875,128,11.011518551036716,validation,
block,11,0.052215576171875,-0.0024726867675781247,0.11203308105468746,0.421875,128,12.942443206906319,validation,
block,12,-0.007232666015625,-0.10040359497070313,0.07593078613281246,0.53125,128,16.494874622672796,validation,
block,13,0.120941162109375,0.028682708740234375,0.23376617431640623,0.5078125,128,14.679785644635558,validation,
block,14,0.068450927734375,-0.0016967773437499938,0.1337951660156249,0.5078125,128,17.781125783920288,validation,
block,15,0.474700927734375,0.36272735595703126,0.5918090820312498,0.7265625,128,21.59427661821246,validation,
block,16,0.163055419921875,0.07598648071289063,0.25360260009765623,0.6015625,128,24.451330373063684,validation,
block,17,0.094451904296875,0.026946258544921876,0.16089096069335934,0.484375,128,28.419640470296144,validation,
block,18,1.0223426818847656,0.835941219329834,1.2226593971252442,0.765625,128,40.122567070648074,validation,
block,19,1.182708740234375,0.9804290771484375,1.3805320739746092,0.84375,128,59.81805692240596,validation,
block,20,0.48431396484375,0.3748443603515625,0.5981475830078125,0.7421875,128,45.08287874609232,validation,
block,21,0.653778076171875,0.5172088623046875,0.7983413696289062,0.8046875,128,45.676842518150806,validation,
block,22,0.25360107421875,0.16552352905273438,0.3404243469238281,0.59375,128,43.95666005089879,validation,
block,23,0.282012939453125,0.2095611572265625,0.35928573608398434,0.7109375,128,45.40734411031008,validation,
block,24,1.071502685546875,0.9024322509765625,1.2398834228515623,0.8828125,128,48.80696012079716,validation,
block,25,0.288055419921875,0.18102951049804689,0.4126335144042968,0.6640625,128,46.71561477333307,validation,
block,26,0.11759185791015625,0.05615024566650391,0.18238182067871092,0.546875,128,51.099964670836926,validation,
block,27,0.217254638671875,0.10603637695312501,0.345069122314453,0.65625,128,60.431184850633144,validation,
block,28,0.140777587890625,0.03752517700195313,0.2480827331542968,0.53125,128,75.36237135529518,validation,
block,29,0.46051025390625,0.31084442138671875,0.6135871887207032,0.6796875,128,167.11787724494934,validation,
block,30,-0.08245849609375,-0.21237411499023437,0.04459075927734368,0.4375,128,518.1639330685139,validation,
block,31,0.20455169677734375,0.02048091888427735,0.3809309005737304,0.53125,128,732.4833090901375,validation,
resid,0,0.029754638671875,-0.10813217163085938,0.17013626098632811,0.4453125,128,17.39800537598785,validation,0.029754638671875
resid,1,0.024871826171875,-0.11358718872070313,0.16547012329101557,0.421875,128,1005.028901762329,validation,-0.0048828125
resid,2,0.059051513671875,-0.09317245483398437,0.21701736450195303,0.4296875,128,1005.1035016952083,validation,0.0341796875
resid,3,0.149383544921875,-0.0032531738281249938,0.30530700683593737,0.4765625,128,1005.3409310728312,validation,0.09033203125
resid,4,0.162567138671875,0.009642791748046876,0.31336288452148425,0.546875,128,1005.879182819277,validation,0.01318359375
resid,5,0.261199951171875,0.10555191040039062,0.41479797363281246,0.6171875,128,1006.6014658883214,validation,0.0986328125
resid,6,0.313934326171875,0.16246871948242186,0.4679878234863281,0.640625,128,1007.4752430133522,validation,0.052734375
resid,7,0.412078857421875,0.25374832153320315,0.5689407348632812,0.65625,128,1007.9684022665024,validation,0.09814453125
resid,8,0.502410888671875,0.34847259521484375,0.6607742309570311,0.703125,128,1008.591675914824,validation,0.09033203125
resid,9,0.506317138671875,0.35497894287109377,0.6596397399902343,0.71875,128,1015.9512959271669,validation,0.00390625
resid,10,0.519989013671875,0.36449127197265624,0.6773384094238282,0.734375,128,1016.4687599390745,validation,0.013671875
resid,11,0.561981201171875,0.39808502197265627,0.7321571350097655,0.6875,128,1017.3810010105371,validation,0.0419921875
resid,12,0.612762451171875,0.43830413818359376,0.7929840087890623,0.6953125,128,1023.9509430527687,validation,0.05078125
resid,13,0.710418701171875,0.504266357421875,0.928174591064453,0.6953125,128,1025.3100943416357,validation,0.09765625
resid,14,0.900848388671875,0.6721328735351563,1.1429519653320312,0.7421875,128,1026.4178962260485,validation,0.1904296875
resid,15,1.841766357421875,1.4995101928710937,2.191265106201172,0.828125,128,1028.9171343296766,validation,0.94091796875
resid,16,2.070770263671875,1.6991752624511718,2.4413497924804686,0.84375,128,1031.0471098423004,validation,0.22900390625
resid,17,2.107391357421875,1.7331230163574218,2.478774261474609,0.84375,128,1035.661993905902,validation,0.03662109375
resid,18,3.113250732421875,2.6187225341796876,3.6019081115722655,0.875,128,1043.7915270328522,validation,1.005859375
resid,19,3.529022216796875,3.015734100341797,4.045240783691406,0.921875,128,1065.5701472759247,validation,0.415771484375
resid,20,3.535614013671875,3.027783203125,4.041168212890624,0.921875,128,1075.5858487188816,validation,0.006591796875
resid,21,3.584930419921875,3.071710968017578,4.087932586669922,0.8984375,128,1085.0651689469814,validation,0.04931640625
resid,22,3.571990966796875,3.0571250915527344,4.068373107910156,0.921875,128,1092.3799810409546,validation,-0.012939453125
resid,23,3.607391357421875,3.089857482910156,4.114839172363281,0.8984375,128,1097.770716279745,validation,0.035400390625
resid,24,4.064422607421875,3.586791229248047,4.532849884033203,0.9609375,128,1107.052852988243,validation,0.45703125
resid,25,4.077117919921875,3.604730987548828,4.5418449401855465,0.9609375,128,1113.127203911543,validation,0.0126953125
resid,26,4.088104248046875,3.611138916015625,4.555393218994141,0.9609375,128,1121.5795167386532,validation,0.010986328125
resid,27,4.136688232421875,3.656177520751953,4.606575775146484,0.96875,128,1134.5117801129818,validation,0.048583984375
resid,28,4.176727294921875,3.709908294677734,4.642230224609374,0.96875,128,1138.692461103201,validation,0.0400390625
resid,29,4.582000732421875,4.131024169921875,5.045523834228515,0.9765625,128,1107.3432765603065,validation,0.4052734375
resid,30,4.659149169921875,4.201557159423828,5.117654418945312,0.984375,128,810.6722111105919,validation,0.0771484375
resid,31,4.919403076171875,4.463082885742187,5.383527374267578,0.9765625,128,593.5126119852066,validation,0.26025390625
attn_layer,0,0.05938720703125,-0.07373199462890626,0.199462890625,0.3671875,128,0.6330998684279621,discovery,
attn_layer,1,-0.0445098876953125,-0.1324016571044922,0.04500045776367184,0.3203125,128,1.456483738264069,discovery,
attn_layer,2,-0.001220703125,-0.0466339111328125,0.05518188476562491,0.328125,128,2.3896157909184694,discovery,
attn_layer,3,0.03399658203125,-0.0146484375,0.08673858642578114,0.3671875,128,2.9648504643701017,discovery,
attn_layer,4,-0.0008544921875,-0.0567626953125,0.061767578125,0.3203125,128,3.4835278410464525,discovery,
attn_layer,5,0.06207275390625,0.0162353515625,0.11053466796875,0.453125,128,4.064419228583574,discovery,
attn_layer,6,0.03094482421875,-0.004702758789062499,0.06745300292968737,0.390625,128,4.360917123965919,discovery,
attn_layer,7,0.067626953125,0.018310546875,0.1202392578125,0.46875,128,5.690954551100731,discovery,
attn_layer,8,0.071533203125,0.027462768554687503,0.114990234375,0.5625,128,5.855871421284974,discovery,
attn_layer,9,0.00836181640625,-0.02783355712890625,0.04425201416015623,0.3671875,128,6.085354312323034,discovery,
attn_layer,10,0.01763916015625,-0.027407836914062497,0.05890350341796868,0.3828125,128,6.7823086101561785,discovery,
attn_layer,11,0.00732421875,-0.0394287109375,0.0567626953125,0.390625,128,7.721076654270291,discovery,
attn_layer,12,-0.00902557373046875,-0.052630043029785155,0.03121414184570309,0.3671875,128,8.61752661690116,discovery,
attn_layer,13,0.04217529296875,0.003536987304687501,0.08117828369140623,0.4609375,128,9.340538740158081,discovery,
attn_layer,14,0.03759765625,-0.015142822265624998,0.08984375,0.5234375,128,10.958134103566408,discovery,
attn_layer,15,0.27801513671875,0.193359375,0.3716476440429687,0.640625,128,13.527259225025773,discovery,
attn_layer,16,0.0596923828125,0.009030151367187501,0.10803527832031246,0.421875,128,13.41065775603056,discovery,
attn_layer,17,-0.022979736328125,-0.060612487792968746,0.01685180664062491,0.34375,128,15.588987171649933,discovery,
attn_layer,18,0.69183349609375,0.551025390625,0.8388168334960936,0.7734375,128,22.646808102726936,discovery,
attn_layer,19,0.76861572265625,0.6446426391601563,0.9011398315429685,0.90625,128,24.60208258777857,discovery,
attn_layer,20,0.08123779296875,0.034846496582031254,0.13263397216796868,0.46875,128,25.079644847661257,discovery,
attn_layer,21,0.10723876953125,0.05517578125,0.16522369384765623,0.46875,128,22.478212125599384,discovery,
attn_layer,22,0.009033203125,-0.025640869140624998,0.04468383789062491,0.390625,128,18.959976207464933,discovery,
attn_layer,23,0.058349609375,0.021240234375,0.096435546875,0.5,128,23.26961785554886,discovery,
attn_layer,24,0.91802978515625,0.7716049194335938,1.0728164672851563,0.8828125,128,24.60461539775133,discovery,
attn_layer,25,0.0428466796875,0.010861206054687501,0.0777587890625,0.375,128,19.366272561252117,discovery,
attn_layer,26,0.021240234375,-0.00537109375,0.048342895507812456,0.375,128,24.668501406908035,discovery,
attn_layer,27,0.09967041015625,0.0538299560546875,0.14825592041015623,0.59375,128,31.60113302618265,discovery,
attn_layer,28,0.08380126953125,0.036616516113281254,0.12872467041015623,0.5546875,128,35.703445851802826,discovery,
attn_layer,29,0.58428955078125,0.47667083740234373,0.6939788818359374,0.875,128,58.09461376070976,discovery,
attn_layer,30,0.13140869140625,0.07208099365234374,0.1934814453125,0.6328125,128,57.91954552382231,discovery,
attn_layer,31,0.30507850646972656,0.18535547256469725,0.41438398361206047,0.7109375,128,471.79091840982437,discovery,
layer,0,0.06378173828125,-0.06861724853515624,0.19909973144531246,0.3828125,128,18.988131855614483,discovery,
layer,1,0.06524658203125,-0.07537994384765626,0.20710144042968737,0.40625,128,817.463900354458,discovery,
layer,2,-0.00323486328125,-0.04571533203125,0.04107666015625,0.3125,128,1.6080101348270546,discovery,
layer,3,-0.0225830078125,-0.0946075439453125,0.052615356445312456,0.328125,128,3.0284808925061952,discovery,
layer,4,-0.04345703125,-0.098388671875,0.015261840820312456,0.3046875,128,4.089290531206643,discovery,
layer,5,0.01611328125,-0.045904541015624994,0.0791015625,0.3359375,128,5.633265024793218,discovery,
layer,6,-0.01300048828125,-0.073382568359375,0.04925689697265623,0.328125,128,6.435209937742911,discovery,
layer,7,-0.02471923828125,-0.08886871337890626,0.03680572509765623,0.3671875,128,7.322575144295115,discovery,
layer,8,-0.01434326171875,-0.06915740966796875,0.03784637451171868,0.375,128,7.87684444343904,discovery,
layer,9,-0.0054779052734375,-0.08215904235839844,0.0645931243896484,0.3828125,128,12.060985625023022,discovery,
layer,10,-0.0008544921875,-0.0581085205078125,0.057861328125,0.4140625,128,9.08148311614059,discovery,
layer,11,-0.022186279296875,-0.07296905517578126,0.027954864501953114,0.3359375,128,11.987551261205226,discovery,
layer,12,-0.0668792724609375,-0.1713653564453125,0.017333984375,0.375,128,14.530836042016745,discovery,
layer,13,-0.04241943359375,-0.1026031494140625,0.012574768066406228,0.3828125,128,12.28126819897443,discovery,
layer,14,-0.0099029541015625,-0.06602630615234376,0.042755889892578114,0.3671875,128,14.956600445788354,discovery,
layer,15,0.047393798828125,-0.008516693115234375,0.10931549072265623,0.390625,128,16.81680687831249,discovery,
layer,16,0.0469970703125,-0.021853637695312497,0.11264343261718746,0.5078125,128,19.57955457875505,discovery,
layer,17,0.02984619140625,-0.03503570556640625,0.09069976806640623,0.46875,128,22.366164481732994,discovery,
layer,18,0.24664306640625,0.16162109375,0.3375915527343749,0.609375,128,29.612669844180346,discovery,
layer,19,0.38277435302734375,0.2403615951538086,0.5274927139282226,0.6640625,128,55.75038845464587,discovery,
layer,20,0.2982177734375,0.2034820556640625,0.40112609863281246,0.609375,128,38.28168338583782,discovery,
layer,21,0.38690185546875,0.29071044921875,0.4946945190429687,0.703125,128,36.24878235417418,discovery,
layer,22,0.26416015625,0.198968505859375,0.33264465332031246,0.625,128,35.450206987559795,discovery,
layer,23,0.21588134765625,0.15166168212890627,0.28570556640625,0.59375,128,33.62023435602896,discovery,
layer,24,0.05865478515625,-0.0126953125,0.13147125244140623,0.484375,128,39.66356302052736,discovery,
layer,25,0.168243408203125,0.08275909423828125,0.2612663269042968,0.5390625,128,39.95259681483731,discovery,
layer,26,0.056884765625,-0.016119384765624998,0.12451171875,0.53125,128,40.35155244870111,discovery,
layer,27,0.041229248046875,-0.055668640136718746,0.14032058715820311,0.4765625,128,46.360657087527215,discovery,
layer,28,0.0713043212890625,-0.019456100463867188,0.17163391113281246,0.46875,128,58.259291619062424,discovery,
layer,29,-0.0621795654296875,-0.19822845458984376,0.07800407409667967,0.40625,128,136.7619153559208,discovery,
layer,30,-0.192657470703125,-0.3313331604003906,-0.05838813781738292,0.3515625,128,380.2363309264183,discovery,
layer,31,-0.16741943359375,-0.303961181640625,-0.03185882568359377,0.390625,128,370.58943685889244,discovery,
block,0,0.05938720703125,-0.07373199462890626,0.199462890625,0.3671875,128,19.078981402446516,discovery,
block,1,0.05548095703125,-0.08697662353515626,0.1944580078125,0.3828125,128,817.5959563252982,discovery,
block,2,-0.0150146484375,-0.0614013671875,0.0343017578125,0.375,128,3.0613149483688176,discovery,
block,3,0.0072021484375,-0.058349609375,0.07739562988281246,0.4140625,128,4.571111987810582,discovery,
block,4,-0.0017242431640625,-0.06473045349121094,0.06480445861816406,0.4375,128,5.634808110073209,discovery,
block,5,0.0675048828125,-0.003424072265624998,0.14673767089843737,0.4609375,128,7.143935641273856,discovery,
block,6,0.02703857421875,-0.0371124267578125,0.09503479003906246,0.359375,128,7.830211661756039,discovery,
block,7,0.0615234375,-0.003543090820312499,0.1259765625,0.484375,128,9.111260432749987,discovery,
block,8,0.06317138671875,0.0011581420898437505,0.13226318359375,0.5390625,128,9.394351296126842,discovery,
block,9,0.0229339599609375,-0.04346046447753906,0.0865325927734375,0.453125,128,12.756916219368577,discovery,
block,10,0.01165771484375,-0.03704833984375,0.06011962890625,0.4453125,128,10.864555617794394,discovery,
block,11,-0.044097900390625,-0.09645156860351561,0.007814788818359342,0.34375,128,13.437328031286597,discovery,
block,12,-0.0222930908203125,-0.10945987701416016,0.051272773742675734,0.375,128,16.205330163240433,discovery,
block,13,-0.0127410888671875,-0.08029251098632813,0.05288810729980467,0.4453125,128,14.668595734983683,discovery,
block,14,0.01873779296875,-0.043644714355468746,0.08246154785156246,0.5234375,128,18.372542463243008,discovery,
block,15,0.34619140625,0.2486572265625,0.45361633300781246,0.6875,128,20.881195412948728,discovery,
block,16,0.087646484375,0.0135498046875,0.16003723144531246,0.5625,128,23.99316589348018,discovery,
block,17,0.0361480712890625,-0.027837371826171874,0.09729118347167967,0.5,128,27.124704010784626,discovery,
block,18,0.98406982421875,0.7973526000976563,1.1835357666015625,0.7578125,128,37.70266732946038,discovery,
block,19,1.0527877807617188,0.8547805786132813,1.259248542785644,0.8671875,128,60.92544358223677,discovery,
block,20,0.3795166015625,0.2786834716796875,0.489501953125,0.6875,128,45.80040705949068,discovery,
block,21,0.49932861328125,0.39111175537109377,0.61474609375,0.796875,128,43.93304930999875,discovery,
block,22,0.269866943359375,0.19674606323242189,0.3457687377929687,0.609375,128,41.89484294131398,discovery,
block,23,0.2464599609375,0.17613525390625,0.3240966796875,0.671875,128,42.995827190577984,discovery,
block,24,0.96942138671875,0.8153656005859375,1.1353988647460933,0.8515625,128,48.69699343293905,discovery,
block,25,0.18701171875,0.0966766357421875,0.28589782714843737,0.609375,128,45.877937749028206,discovery,
block,26,0.07263946533203125,-0.005887603759765624,0.14700393676757811,0.5546875,128,49.37105978280306,discovery,
block,27,0.14752197265625,0.03802337646484375,0.2581848144531249,0.5703125,128,59.135186322033405,discovery,
block,28,0.1394805908203125,0.04292755126953125,0.24428749084472642,0.5234375,128,66.73278054594994,discovery,
block,29,0.54730224609375,0.38866729736328126,0.7232727050781249,0.671875,128,151.32222560048103,discovery,
block,30,-0.0822906494140625,-0.21835441589355467,0.04506835937499987,0.4453125,128,390.85438826680183,discovery,
block,31,0.13604736328125,-0.04345703125,0.30567321777343737,0.578125,128,686.2511029243469,discovery,
resid,0,0.05938720703125,-0.07373199462890626,0.199462890625,0.3671875,128,19.080090706585906,discovery,0.029754638671875
resid,1,0.06768798828125,-0.0664703369140625,0.20648345947265623,0.375,128,818.8017920157872,discovery,-0.0048828125
resid,2,0.06817626953125,-0.06672363281249999,0.2063705444335936,0.3984375,128,818.8204212486744,discovery,0.0341796875
resid,3,0.13507080078125,-0.004702758789062499,0.2792419433593749,0.4609375,128,818.9101915359497,discovery,0.09033203125
resid,4,0.17364501953125,0.021656799316406253,0.32905426025390605,0.4609375,128,819.4189387783408,discovery,0.01318359375
resid,5,0.22393798828125,0.065606689453125,0.39233703613281246,0.5234375,128,820.1461786944419,discovery,0.0986328125
resid,6,0.24493408203125,0.0775115966796875,0.4228576660156249,0.53125,128,820.9398185703903,discovery,0.052734375
resid,7,0.30303955078125,0.1328704833984375,0.4882919311523436,0.5625,128,821.2865470778197,discovery,0.09814453125
resid,8,0.39288330078125,0.21128997802734376,0.5902145385742187,0.609375,128,821.8402422443032,discovery,0.09033203125
resid,9,0.43585205078125,0.25298004150390624,0.6339736938476562,0.6015625,128,827.6729188002646,discovery,0.00390625
resid,10,0.46319580078125,0.28399505615234377,0.65771484375,0.65625,128,828.3159412629902,discovery,0.013671875
resid,11,0.46856689453125,0.28558197021484377,0.6653549194335936,0.65625,128,829.1470622383058,discovery,0.0419921875
resid,12,0.51544189453125,0.32421875,0.718525695800781,0.671875,128,834.9399766921997,discovery,0.05078125
resid,13,0.61773681640625,0.40270843505859377,0.8475448608398436,0.6875,128,835.9994149506092,discovery,0.09765625
resid,14,0.78057861328125,0.5344818115234375,1.0417587280273435,0.71875,128,836.8168350756168,discovery,0.1904296875
resid,15,1.54400634765625,1.2316421508789062,1.8863616943359374,0.8203125,128,839.7332789599895,discovery,0.94091796875
resid,16,1.77301025390625,1.420098876953125,2.1515609741210935,0.8359375,128,842.2105673253536,discovery,0.22900390625
resid,17,1.80975341796875,1.4474166870117187,2.196974182128906,0.828125,128,846.9413478970528,discovery,0.03662109375
resid,18,2.77716064453125,2.318585205078125,3.2317611694335935,0.859375,128,854.5605016946793,discovery,1.005859375
resid,19,3.11151123046875,2.646173095703125,3.5818054199218747,0.9296875,128,875.7372014522552,discovery,0.415771484375
resid,20,3.14215087890625,2.672601318359375,3.6214599609375,0.90625,128,885.7443721592426,discovery,0.006591796875
resid,21,3.25665283203125,2.7978118896484374,3.7195465087890627,0.9140625,128,894.6833482682705,discovery,0.04931640625
resid,22,3.24176025390625,2.7806991577148437,3.709234619140625,0.9140625,128,902.3727551698685,discovery,-0.012939453125
resid,23,3.26690673828125,2.80467529296875,3.7263214111328127,0.9140625,128,908.844225525856,discovery,0.035400390625
resid,24,3.70904541015625,3.278228759765625,4.1400405883789055,0.9609375,128,919.2355717718601,discovery,0.45703125
resid,25,3.69732666015625,3.265065002441406,4.131927490234375,0.9609375,128,925.8304226398468,discovery,0.0126953125
resid,26,3.70245361328125,3.2692214965820314,4.139779663085937,0.9453125,128,935.345777451992,discovery,0.010986328125
resid,27,3.80499267578125,3.36951904296875,4.244207763671875,0.9609375,128,947.0876874625683,discovery,0.048583984375
resid,28,3.85577392578125,3.415997314453125,4.292510986328125,0.984375,128,951.8992684185505,discovery,0.0400390625
resid,29,4.28228759765625,3.851368713378906,4.722659301757813,1.0,128,926.0064913630486,discovery,0.4052734375
resid,30,4.36456298828125,3.923577880859375,4.810990905761718,0.984375,128,677.187396645546,discovery,0.0771484375
resid,31,4.66387939453125,4.214219665527343,5.116703796386719,1.0,128,551.7457083463669,discovery,0.26025390625
