stratum,n,routing agreement @L19,E006 active,E002 active,mean noise drop,sd of drop,mean Δ_clean,strict pass
all,256,0.58,138/175,161/129,+5.00 / +4.77,3.26 / 2.71,+6.63 / +5.49,233 / 249
delimiter before final position,100,0.67,48/54,70/70,+5.62 / +5.50,3.26 / 2.92,+7.28 / +6.22,95 / 99
no delimiter,156,0.53,90/121,91/59,+4.59 / +4.31,3.20 / 2.45,+6.21 / +5.02,138 / 150
subject starts at position 0 (no BOS),207,0.51,92/129,149/116,+5.25 / +4.97,3.32 / 2.77,+6.94 / +5.53,192 / 202
subject starts later,49,0.88,46/46,12/13,+3.91 / +3.96,2.76 / 2.23,+5.30 / +5.33,41 / 47
final position carries the max norm at L5 (no BOS),63,0.06,31/63,44/15,+5.14 / +4.05,3.66 / 2.22,+7.03 / +4.62,54 / 60
max norm elsewhere,193,0.75,107/112,117/114,+4.95 / +5.01,3.12 / 2.81,+6.49 / +5.77,179 / 189
final-position norm ratio no-BOS/BOS > 1.5 (L18),65,0.09,33/65,44/15,+5.01 / +4.03,3.68 / 2.19,+6.90 / +4.56,55 / 62
ratio <= 1.5,191,0.75,105/110,117/114,+4.99 / +5.03,3.11 / 2.82,+6.53 / +5.81,178 / 187
