Set,rank,pair,disc active,disc all-case mean,val active,val rescue,val Spec,two-stage
S1,1,L47E025,126/128,+1.182,121/128,"+1.028 [+0.827, +1.246]","+0.869 [+0.678, +1.079]",yes
S1,2,L46E009,125/128,+0.778,125/128,"+0.601 [+0.455, +0.750]","+0.550 [+0.411, +0.697]",
S1,3,L41E108,122/128,+0.771,124/128,"+0.716 [+0.548, +0.909]","+0.711 [+0.541, +0.907]",
S1,4,L45E023,128/128,+0.639,128/128,"+0.594 [+0.433, +0.758]","+0.586 [+0.424, +0.748]",
S1,5,L43E084,117/128,+0.558,112/128,"+0.419 [+0.299, +0.549]","+0.396 [+0.276, +0.530]",
S1,6,L42E048,123/128,+0.417,120/128,"+0.396 [+0.307, +0.489]","+0.369 [+0.281, +0.463]",
S1,7,L44E059,126/128,+0.267,125/128,"+0.169 [+0.085, +0.268]","+0.154 [+0.071, +0.252]",
S1,8,L47E122,111/128,+0.204,103/128,"+0.111 [+0.050, +0.176]","-0.188 [-0.265, -0.114]",
S1,9,L46E085,114/128,+0.195,114/128,"+0.230 [+0.161, +0.304]","+0.169 [+0.090, +0.249]",
S1,10,L47E014,101/128,+0.112,94/128,"+0.140 [+0.103, +0.177]","-0.170 [-0.254, -0.090]",
S2,1,L41E041,128/128,+0.560,126/128,"+0.513 [+0.370, +0.664]","+0.514 [+0.373, +0.663]",
S2,2,L39E092,128/128,+0.297,126/128,"+0.236 [+0.144, +0.333]","+0.232 [+0.146, +0.323]",
S2,3,L43E107,120/128,+0.287,116/128,"+0.136 [+0.054, +0.216]","+0.119 [+0.041, +0.196]",
S2,4,L37E100,125/128,+0.223,127/128,"+0.190 [+0.128, +0.251]","+0.206 [+0.142, +0.272]",
S2,5,L40E099,128/128,+0.220,126/128,"+0.184 [+0.108, +0.263]","+0.169 [+0.097, +0.244]",
S2,6,L42E006,128/128,+0.195,126/128,"+0.203 [+0.134, +0.274]","+0.136 [+0.072, +0.205]",
S2,7,L45E014,108/128,+0.189,104/128,"+0.206 [+0.135, +0.285]","+0.174 [+0.108, +0.248]",
S2,8,L42E020,128/128,+0.163,128/128,"+0.326 [+0.201, +0.455]","+0.286 [+0.170, +0.405]",
S2,9,L45E044,100/128,+0.158,108/128,"+0.073 [+0.012, +0.138]","+0.034 [-0.023, +0.093]",
S2,10,L47E077,72/128,+0.133,67/128,"+0.137 [+0.091, +0.187]","+0.039 [-0.013, +0.092]",yes
S3,1,L47E014,116/128,+0.779,115/128,"+0.985 [+0.758, +1.214]","+0.778 [+0.566, +0.998]",yes
S3,2,L47E012,68/128,+0.255,70/128,"+0.302 [+0.235, +0.372]","+0.000 [-0.086, +0.086]",
S3,3,L47E011,93/128,+0.208,92/128,"+0.253 [+0.196, +0.312]","-0.062 [-0.138, +0.011]",
S3,4,L42E048,75/128,+0.170,65/128,"+0.204 [+0.144, +0.273]","+0.216 [+0.150, +0.289]",
S3,5,L43E094,80/128,+0.129,83/128,"+0.110 [+0.039, +0.181]","+0.098 [+0.028, +0.170]",
S3,6,L45E005,74/128,+0.121,78/128,"+0.131 [+0.080, +0.185]","+0.080 [+0.029, +0.133]",
S3,7,L35E035,120/128,+0.110,112/128,"+0.042 [-0.025, +0.114]","+0.064 [-0.006, +0.136]",
S3,8,L45E014,128/128,+0.100,126/128,"+0.090 [+0.035, +0.143]","+0.028 [-0.028, +0.081]",
S3,9,L47E025,76/128,+0.091,76/128,"+0.126 [+0.051, +0.208]","-0.190 [-0.285, -0.092]",
S3,10,L3E057,91/128,+0.085,96/128,"+0.046 [-0.035, +0.129]","+0.036 [-0.026, +0.101]",
R1,1,L43E126,80/128,+0.270,85/128,"+0.160 [+0.083, +0.239]","+0.160 [+0.079, +0.245]",yes
R1,2,L44E028,99/128,+0.130,102/128,"+0.220 [+0.123, +0.337]","+0.218 [+0.105, +0.343]",
R1,3,L39E074,110/128,+0.125,116/128,"+0.049 [-0.028, +0.124]","+0.024 [-0.052, +0.100]",
R1,4,L42E040,87/128,+0.107,82/128,"+0.077 [+0.037, +0.118]","+0.071 [+0.021, +0.120]",
R1,5,L47E060,88/128,+0.066,94/128,"+0.106 [+0.044, +0.169]","+0.070 [-0.004, +0.143]",
R1,6,L41E098,93/128,+0.058,99/128,"+0.073 [+0.004, +0.143]","+0.037 [-0.017, +0.096]",
R1,7,L42E045,110/128,+0.056,116/128,"-0.007 [-0.066, +0.051]","-0.036 [-0.108, +0.033]",
R1,8,L15E074,79/128,+0.055,97/128,"-0.004 [-0.043, +0.038]","-0.030 [-0.069, +0.009]",
R1,9,L47E097,78/128,+0.043,81/128,"+0.091 [+0.033, +0.154]","+0.070 [-0.005, +0.151]",
R1,10,L41E025,110/128,+0.040,109/128,"-0.006 [-0.057, +0.039]","-0.044 [-0.095, +0.006]",
R2,1,L47E005,110/128,+0.606,101/128,"+0.413 [+0.316, +0.513]","+0.195 [+0.098, +0.298]",yes
R2,2,L47E116,127/128,+0.485,128/128,"+0.447 [+0.350, +0.551]","+0.217 [+0.137, +0.302]",
R2,3,L43E051,124/128,+0.362,119/128,"+0.396 [+0.263, +0.545]","+0.385 [+0.256, +0.529]",
R2,4,L41E023,124/128,+0.232,125/128,"+0.113 [+0.034, +0.197]","+0.094 [+0.008, +0.185]",
R2,5,L39E065,114/128,+0.213,112/128,"+0.259 [+0.157, +0.370]","+0.238 [+0.135, +0.348]",
R2,6,L47E025,101/128,+0.181,91/128,"+0.200 [+0.151, +0.256]","-0.042 [-0.098, +0.014]",
R2,7,L47E098,82/128,+0.155,74/128,"+0.104 [+0.072, +0.139]","-0.156 [-0.208, -0.107]",
R2,8,L41E043,71/128,+0.146,75/128,"+0.101 [+0.039, +0.167]","+0.075 [+0.008, +0.147]",
R2,9,L40E061,95/128,+0.142,83/128,"+0.109 [+0.041, +0.186]","+0.091 [+0.021, +0.166]",
R2,10,L47E016,81/128,+0.138,79/128,"+0.032 [-0.005, +0.070]","-0.242 [-0.291, -0.192]",
R3,1,L47E101,83/128,+0.230,84/128,"+0.094 [+0.002, +0.186]","-0.016 [-0.108, +0.078]",yes
R3,2,L47E002,89/128,+0.177,88/128,"+0.055 [-0.026, +0.136]","-0.059 [-0.146, +0.025]",
R3,3,L47E125,69/128,+0.094,76/128,"+0.139 [+0.066, +0.226]","+0.024 [-0.061, +0.121]",
R3,4,L2E077,95/128,+0.074,95/128,"-0.005 [-0.058, +0.051]","-0.005 [-0.051, +0.042]",
R3,5,L0E096,72/128,+0.071,78/128,"+0.022 [-0.017, +0.061]","-0.003 [-0.052, +0.044]",
R3,6,L1E042,99/128,+0.055,96/128,"-0.007 [-0.070, +0.051]","-0.019 [-0.069, +0.031]",
R3,7,L0E068,66/128,+0.053,71/128,"-0.004 [-0.044, +0.034]","-0.025 [-0.076, +0.023]",
R3,8,L1E106,91/128,+0.051,88/128,"-0.007 [-0.053, +0.043]","-0.010 [-0.059, +0.038]",
R3,9,L20E089,86/128,+0.046,87/128,"-0.032 [-0.076, +0.010]","-0.002 [-0.039, +0.036]",
R3,10,L0E113,83/128,+0.042,90/128,"+0.010 [-0.038, +0.062]","-0.003 [-0.057, +0.052]",
all,1,L4E036,70/128,+0.089,64/128,"+0.034 [+0.001, +0.071]","-0.007 [-0.044, +0.032]",
all,2,L41E023,109/128,+0.073,114/128,"+0.027 [-0.016, +0.073]","+0.001 [-0.046, +0.050]",
all,3,L15E031,89/128,+0.051,96/128,"+0.011 [-0.028, +0.053]","-0.002 [-0.039, +0.033]",
all,4,L44E091,99/128,+0.042,100/128,"+0.001 [-0.026, +0.027]","-0.005 [-0.045, +0.032]",
all,5,L37E046,66/128,+0.019,69/128,"-0.016 [-0.042, +0.007]","-0.057 [-0.099, -0.019]",
all,6,L45E014,106/128,+0.015,108/128,"+0.084 [+0.030, +0.144]","+0.072 [+0.015, +0.133]",
all,7,L29E023,92/128,+0.011,99/128,"+0.018 [-0.018, +0.055]","+0.004 [-0.035, +0.043]",
all,8,L43E086,84/128,+0.011,96/128,"+0.000 [-0.026, +0.026]","-0.001 [-0.038, +0.037]",
all,9,L14E005,75/128,+0.009,69/128,"-0.026 [-0.060, +0.008]","-0.031 [-0.069, +0.009]",
all,10,L37E022,67/128,+0.008,69/128,"+0.003 [-0.023, +0.029]","-0.047 [-0.092, -0.005]",
