model,set,layer,disc_mean,val_mean,ci_lo,ci_hi,pos_frac
mixtral,paper,0,0.00537109375,-0.00341796875,-0.02001953125,0.01318359375,0.1953125
mixtral,paper,1,0.00244140625,-0.01318359375,-0.03271484375,0.0068359375,0.21875
mixtral,paper,2,-0.001953125,-0.00732421875,-0.0283203125,0.01318359375,0.265625
mixtral,paper,3,0.0166015625,0.0234375,-0.0048828125,0.0517578125,0.359375
mixtral,paper,4,0.0380859375,0.0244140625,-0.013684082031249996,0.06494140625,0.390625
mixtral,paper,5,0.0537109375,0.04150390625,-0.001953125,0.087890625,0.3984375
mixtral,paper,6,0.0439453125,0.02880859375,-0.0126953125,0.07178955078124982,0.359375
mixtral,paper,7,0.04052734375,0.04833984375,0.0048828125,0.09229736328124982,0.40625
mixtral,paper,8,0.015625,0.00439453125,-0.0419921875,0.0498046875,0.4375
mixtral,paper,9,0.01123046875,-0.00390625,-0.04296875,0.03515625,0.3203125
mixtral,paper,10,0.0244140625,0.01025390625,-0.0224609375,0.04248046875,0.390625
mixtral,paper,11,-0.0029296875,0.01123046875,-0.0224609375,0.044921875,0.328125
mixtral,paper,12,-0.01025390625,-0.0126953125,-0.05078125,0.02587890625,0.3046875
mixtral,paper,13,0.017578125,-0.01904296875,-0.0615234375,0.02197265625,0.359375
mixtral,paper,14,0.02490234375,0.0478515625,0.009765625,0.0869140625,0.4453125
mixtral,paper,15,0.0888671875,0.111328125,0.05859375,0.16455078125,0.5390625
mixtral,paper,16,0.11328125,0.068359375,0.022448730468750004,0.1171875,0.484375
mixtral,paper,17,0.12353515625,0.1494140625,0.09521484375,0.20556640625,0.625
mixtral,paper,18,0.2861328125,0.30810546875,0.23193359375,0.3906372070312498,0.6484375
mixtral,paper,19,0.6240234375,0.5712890625,0.4609375,0.6924194335937495,0.8046875
mixtral,paper,20,0.4521484375,0.49755859375,0.38719482421875,0.61962890625,0.7421875
mixtral,paper,21,0.48486328125,0.48681640625,0.38670654296875,0.59375,0.765625
mixtral,paper,22,0.31005859375,0.3125,0.2353515625,0.40234375,0.7265625
mixtral,paper,23,0.2548828125,0.28466796875,0.220703125,0.3510864257812498,0.7421875
mixtral,paper,24,0.0712890625,0.17236328125,0.0859375,0.2627075195312498,0.5234375
mixtral,paper,25,0.17041015625,0.236328125,0.150390625,0.3271484375,0.59375
mixtral,paper,26,0.162109375,0.14990234375,0.08544921875,0.21875,0.5546875
mixtral,paper,27,0.0888671875,0.17626953125,0.08544921875,0.2744140625,0.5546875
mixtral,paper,28,0.228515625,0.18603515625,0.08349609375,0.29541015625,0.5234375
mixtral,paper,29,0.01904296875,-0.109375,-0.20458984375,-0.02099609375,0.3515625
mixtral,paper,30,-0.03466796875,-0.19970703125,-0.28858642578125,-0.1123046875,0.2734375
mixtral,paper,31,-0.04443359375,-0.1318359375,-0.24560546875,-0.00830078125,0.375
mixtral,strict,0,0.0029296875,-0.00048828125,-0.0166015625,0.015625,0.171875
mixtral,strict,1,0.01171875,-0.0126953125,-0.03173828125,0.005859375,0.1875
mixtral,strict,2,-0.0078125,0.00244140625,-0.0205078125,0.024914550781249822,0.2578125
mixtral,strict,3,0.02490234375,0.01611328125,-0.00830078125,0.0419921875,0.2734375
mixtral,strict,4,0.033203125,0.025390625,-0.0087890625,0.0595703125,0.3359375
mixtral,strict,5,0.0322265625,0.0703125,0.0302734375,0.11280517578124982,0.40625
mixtral,strict,6,0.033203125,0.0439453125,0.00830078125,0.08106689453124982,0.3828125
mixtral,strict,7,0.0595703125,0.03515625,-0.00244140625,0.07421875,0.390625
mixtral,strict,8,0.01416015625,0.01416015625,-0.02880859375,0.05615234375,0.421875
mixtral,strict,9,0.0048828125,0.01611328125,-0.02197265625,0.0546875,0.3828125
mixtral,strict,10,0.0244140625,0.02294921875,-0.0126953125,0.05860595703124982,0.390625
mixtral,strict,11,0.01220703125,0.00537109375,-0.0322265625,0.04345703125,0.3671875
mixtral,strict,12,-0.0224609375,0.00244140625,-0.033203125,0.03759765625,0.3515625
mixtral,strict,13,-0.013671875,0.0185546875,-0.0185546875,0.05567626953124982,0.3671875
mixtral,strict,14,0.052734375,0.02294921875,-0.0185546875,0.06494140625,0.3828125
mixtral,strict,15,0.0927734375,0.1279296875,0.07568359375,0.18017578125,0.5546875
mixtral,strict,16,0.06787109375,0.13525390625,0.08251953125,0.1865234375,0.5703125
mixtral,strict,17,0.13232421875,0.17236328125,0.11767578125,0.2265625,0.6171875
mixtral,strict,18,0.2939453125,0.33935546875,0.267578125,0.4140625,0.765625
mixtral,strict,19,0.623046875,0.63525390625,0.51416015625,0.7656494140624996,0.8515625
mixtral,strict,20,0.51904296875,0.51123046875,0.41455078125,0.61181640625,0.78125
mixtral,strict,21,0.47412109375,0.55126953125,0.4521484375,0.66015625,0.8046875
mixtral,strict,22,0.33935546875,0.3095703125,0.23486328125,0.38818359375,0.7421875
mixtral,strict,23,0.24267578125,0.30029296875,0.23094482421875,0.37451171875,0.765625
mixtral,strict,24,0.06396484375,0.1943359375,0.10888671875,0.29052734375,0.578125
mixtral,strict,25,0.23583984375,0.2119140625,0.11619873046875001,0.3086059570312498,0.5625
mixtral,strict,26,0.19287109375,0.138671875,0.07470703125,0.20654296875,0.5625
mixtral,strict,27,0.1416015625,0.1923828125,0.10740966796875001,0.2783325195312498,0.6171875
mixtral,strict,28,0.17724609375,0.2578125,0.14990234375,0.37353515625,0.59375
mixtral,strict,29,-0.07568359375,-0.009765625,-0.10302734375,0.08251953125,0.421875
mixtral,strict,30,-0.11572265625,-0.1025390625,-0.19140625,-0.013671875,0.4140625
mixtral,strict,31,-0.16259765625,-0.13623046875,-0.2587890625,-0.009765625,0.3671875
mixtral,relaxed,0,0.00537109375,0.0029296875,-0.009521484375,0.015625,0.22265625
mixtral,relaxed,1,-0.005615234375,0.01318359375,-0.00341796875,0.02978515625,0.2890625
mixtral,relaxed,2,-0.0078125,0.0087890625,-0.00732421875,0.025146484375,0.28515625
mixtral,relaxed,3,0.01611328125,0.017333984375,-0.005377197265624998,0.03955078125,0.33984375
mixtral,relaxed,4,0.029541015625,0.01708984375,-0.009765625,0.044189453125,0.390625
mixtral,relaxed,5,0.046142578125,0.039794921875,0.01025390625,0.07080078125,0.40625
mixtral,relaxed,6,0.031494140625,0.02734375,-0.001953125,0.056884765625,0.39453125
mixtral,relaxed,7,0.023193359375,0.052734375,0.0234375,0.08251953125,0.42578125
mixtral,relaxed,8,0.01611328125,0.029296875,-0.004150390625,0.06348266601562491,0.43359375
mixtral,relaxed,9,0.0048828125,-0.000244140625,-0.023681640625,0.023681640625,0.359375
mixtral,relaxed,10,0.021484375,0.018798828125,-0.00439453125,0.04273071289062491,0.3984375
mixtral,relaxed,11,0.010009765625,0.010009765625,-0.014654541015624998,0.0341796875,0.359375
mixtral,relaxed,12,-0.01416015625,0.003662109375,-0.02001953125,0.02710571289062491,0.33984375
mixtral,relaxed,13,-0.009033203125,0.0107421875,-0.01513671875,0.03759765625,0.375
mixtral,relaxed,14,0.0556640625,0.03759765625,0.007568359375,0.06812133789062491,0.41015625
mixtral,relaxed,15,0.128173828125,0.108154296875,0.065185546875,0.148681640625,0.546875
mixtral,relaxed,16,0.12939453125,0.066650390625,0.03125,0.10302734375,0.5078125
mixtral,relaxed,17,0.152099609375,0.131103515625,0.097900390625,0.1669921875,0.58203125
mixtral,relaxed,18,0.32080078125,0.305419921875,0.253173828125,0.359619140625,0.7265625
mixtral,relaxed,19,0.598876953125,0.599853515625,0.522698974609375,0.6853088378906249,0.85546875
mixtral,relaxed,20,0.49853515625,0.447509765625,0.381097412109375,0.5197814941406249,0.7421875
mixtral,relaxed,21,0.47705078125,0.49169921875,0.419189453125,0.5661743164062498,0.77734375
mixtral,relaxed,22,0.3037109375,0.41455078125,0.352294921875,0.4802307128906249,0.796875
mixtral,relaxed,23,0.284423828125,0.251220703125,0.200927734375,0.305908203125,0.67578125
mixtral,relaxed,24,0.148193359375,0.15576171875,0.09764404296875001,0.218017578125,0.57421875
mixtral,relaxed,25,0.287353515625,0.200439453125,0.142578125,0.2639282226562498,0.6015625
mixtral,relaxed,26,0.136962890625,0.1796875,0.13330078125,0.227783203125,0.62109375
mixtral,relaxed,27,0.210693359375,0.17236328125,0.11669921875,0.23388671875,0.59765625
mixtral,relaxed,28,0.1826171875,0.216796875,0.155267333984375,0.28271484375,0.60546875
mixtral,relaxed,29,-0.02001953125,-0.03515625,-0.10546875,0.03173828125,0.4453125
mixtral,relaxed,30,-0.1396484375,-0.054443359375,-0.11865234375,0.00830078125,0.40625
mixtral,relaxed,31,-0.18212890625,-0.0927734375,-0.18603515625,-0.0019470214843750888,0.41796875
