repo,n_items,example_url
20tab/twentytab-treeeditor,8,https://github.com/20tab/twentytab-treeeditor/blob/f89d459b1348961880cd488df95690e68529f96b/treeeditor/admin.py#L61-L92
3DLIRIOUS/MeshLabXML,10,https://github.com/3DLIRIOUS/MeshLabXML/blob/177cce21e92baca500f56a932d66bd9a33257af8/meshlabxml/select.py#L6-L36
42cc/bets-api,1,https://github.com/42cc/bets-api/blob/63a8227c7d8c65eef9974374607bc34effff5c7c/bets/__init__.py#L65-L82
4degrees/riffle,17,https://github.com/4degrees/riffle/blob/e5a0d908df8c93ff1ee7abdda8875fd1667df53d/source/riffle/browser.py#L158-L180
5j9/wikitextparser,4,https://github.com/5j9/wikitextparser/blob/1347425814361d7955342c53212edbb27f0ff4b5/wikitextparser/_wikitext.py#L687-L693
5monkeys/django-bananas,5,https://github.com/5monkeys/django-bananas/blob/cfd318c737f6c4580036c13d2acf32bca96654bf/bananas/admin/api/mixins.py#L78-L88
ARMmbed/yotta,6,https://github.com/ARMmbed/yotta/blob/56bc1e56c602fa20307b23fe27518e9cd6c11af1/yotta/lib/access.py#L48-L74
AartGoossens/goldencheetahlib,1,https://github.com/AartGoossens/goldencheetahlib/blob/ebe57de7d94280674c8440a81f53ac02f0b4eb43/goldencheetahlib/client.py#L155-L181
ActivisionGameScience/assertpy,2,https://github.com/ActivisionGameScience/assertpy/blob/08d799cdb01f9a25d3e20672efac991c7bc26d79/assertpy/assertpy.py#L163-L172
AkihikoITOH/capybara,127,https://github.com/AkihikoITOH/capybara/blob/e86c2173ea386654f4ae061148e8fbe3f25e715c/capybara/virtualenv/lib/python2.7/site-packages/pip/vcs/__init__.py#L69-L82
Alignak-monitoring-contrib/alignak-backend-client,1,https://github.com/Alignak-monitoring-contrib/alignak-backend-client/blob/1e21f6ce703e66984d1f9b20fe7866460ab50b39/alignak_backend_client/client.py#L199-L221
Azure/Azure-MachineLearning-ClientLibrary-Python,1,https://github.com/Azure/Azure-MachineLearning-ClientLibrary-Python/blob/d1211b289747671898eb063013e0dc53d3c80acd/azureml/__init__.py#L603-L610
Azure/azure-sdk-for-python,60,https://github.com/Azure/azure-sdk-for-python/blob/d7306fde32f60a293a7567678692bdad31e4b667/azure-servicemanagement-legacy/azure/servicemanagement/_serialization.py#L84-L96
BD2KGenomics/toil-lib,5,https://github.com/BD2KGenomics/toil-lib/blob/022a615fc3dc98fc1aaa7bfd232409962ca44fbd/src/toil_lib/files.py#L40-L51
Becksteinlab/GromacsWrapper,4,https://github.com/Becksteinlab/GromacsWrapper/blob/d4f9a8cb6f48292732cf7c7e4ef4a6d2ccbc51b9/gromacs/core.py#L301-L322
BlockHub/blockhubdpostools,3,https://github.com/BlockHub/blockhubdpostools/blob/27712cd97cd3658ee54a4330ff3135b51a01d7d1/dpostools/api.py#L76-L101
CIRCL/IP-ASN-history,1,https://github.com/CIRCL/IP-ASN-history/blob/2e02ced01a08531a007d9cd71547c8248570de1b/apiweb/webservice.py#L75-L105
CalebBell/thermo,17,https://github.com/CalebBell/thermo/blob/3857ed023a3e64fd3039a32d53576c24990ef1c3/thermo/critical.py#L1596-L1621
Capitains/flask-capitains-nemo,9,https://github.com/Capitains/flask-capitains-nemo/blob/8d91f2c05b925a6c8ea8c997baf698c87257bc58/flask_nemo/__init__.py#L784-L799
ChargePoint/pydnp3,1,https://github.com/ChargePoint/pydnp3/blob/5bcd8240d1fc0aa1579e71f2efcab63b4c61c547/examples/outstation_cmd.py#L50-L57
Chilipp/sphinx-nbexamples,4,https://github.com/Chilipp/sphinx-nbexamples/blob/08e0319ff3c70f8a931dfa8890caf48add4d0470/sphinx_nbexamples/__init__.py#L218-L222
ChrisBeaumont/soupy,4,https://github.com/ChrisBeaumont/soupy/blob/795f2f61f711f574d5218fc8a3375d02bda1104f/soupy.py#L583-L606
CiscoDevNet/webexteamssdk,11,https://github.com/CiscoDevNet/webexteamssdk/blob/6fc2cc3557e080ba4b2a380664cb2a0532ae45cd/webexteamssdk/api/rooms.py#L192-L222
CitrineInformatics/python-citrination-client,3,https://github.com/CitrineInformatics/python-citrination-client/blob/409984fc65ce101a620f069263f155303492465c/citrination_client/models/client.py#L281-L318
Clinical-Genomics/scout,107,https://github.com/Clinical-Genomics/scout/blob/90a551e2e1653a319e654c2405c2866f93d0ebb9/scout/commands/view/panels.py#L12-L29
CloverHealth/temple,1,https://github.com/CloverHealth/temple/blob/d7b75da2459f72ba74d6f3b6e1ab95c3d1b92ccd/temple/update.py#L21-L45
Contraz/demosys-py,2,https://github.com/Contraz/demosys-py/blob/6466128a3029c4d09631420ccce73024025bd5b6/demosys/loaders/scene/gltf.py#L135-L164
Cornices/cornice.ext.swagger,4,https://github.com/Cornices/cornice.ext.swagger/blob/c31a5cc8d5dd112b11dc41ccb6d09b423b537abc/cornice_swagger/converters/parameters.py#L9-L33
Crypto-toolbox/btfxwss,11,https://github.com/Crypto-toolbox/btfxwss/blob/16827fa6aacb2c0e289aa852bf61a18df6905835/btfxwss/queue_processor.py#L324-L336
CxAalto/gtfspy,6,https://github.com/CxAalto/gtfspy/blob/bddba4b74faae6c1b91202f19184811e326547e5/gtfspy/shapes.py#L214-L238
DataBiosphere/dsub,10,https://github.com/DataBiosphere/dsub/blob/443ce31daa6023dc2fd65ef2051796e19d18d5a7/dsub/lib/param_util.py#L880-L914
Devoxin/Lavalink.py,5,https://github.com/Devoxin/Lavalink.py/blob/63f55c3d726d24c4cfd3674d3cd6aab6f5be110d/lavalink/AudioTrack.py#L6-L21
DigitalGlobe/gbdxtools,6,https://github.com/DigitalGlobe/gbdxtools/blob/def62f8f2d77b168aa2bd115290aaa0f9a08a4bb/gbdxtools/simpleworkflows.py#L769-L806
Dirrot/python-cryptocoincharts-api,1,https://github.com/Dirrot/python-cryptocoincharts-api/blob/8bf7a35c1032847aaea322b304014cd52853c273/CryptoCoinChartsApi/CryptoCoinChartsApi.py#L67-L93
DiscordBotList/DBL-Python-Library,1,https://github.com/DiscordBotList/DBL-Python-Library/blob/c1461ae0acc644cdeedef8fd6b5e36f76d81c1aa/dbl/http.py#L200-L205
DistilledLtd/heimdall,2,https://github.com/DistilledLtd/heimdall/blob/7568c915a2e5bce759750d5456b39ea3498a6683/heimdall/heimdall.py#L13-L28
Diviyan-Kalainathan/CausalDiscoveryToolbox,8,https://github.com/Diviyan-Kalainathan/CausalDiscoveryToolbox/blob/be228b078ba9eb76c01b3ccba9a1c0ad9e9e5ed1/cdt/causality/pairwise/Jarfo.py#L59-L78
ElevenPaths/AtomShields,2,https://github.com/ElevenPaths/AtomShields/blob/e75f25393b4a7a315ec96bf9b8e654cb2200866a/atomshields/reports/http.py#L33-L48
EpistasisLab/scikit-mdr,2,https://github.com/EpistasisLab/scikit-mdr/blob/768565deb10467d04a960d27e000ab38b7aa8a62/mdr/utils/utils.py#L195-L218
Erotemic/ubelt,1,https://github.com/Erotemic/ubelt/blob/db802f3ad8abba025db74b54f86e6892b8927325/ubelt/util_cmd.py#L163-L199
Ex-Mente/auxi.0,5,https://github.com/Ex-Mente/auxi.0/blob/2dcdae74154f136f8ca58289fe5b20772f215046/auxi/tools/materialphysicalproperties/polynomial.py#L45-L70
GochoMugo/firecall,3,https://github.com/GochoMugo/firecall/blob/6b99ff72b3c056f51a5901f2be32030c7e68961a/firecall/sync.py#L156-L169
GreatFruitOmsk/tailhead,1,https://github.com/GreatFruitOmsk/tailhead/blob/a3b1324a39935f8ffcfda59328a9a458672889d9/tailhead/__init__.py#L198-L220
HumanBrainProject/hbp-service-client,7,https://github.com/HumanBrainProject/hbp-service-client/blob/b338fb41a7f0e7b9d654ff28fcf13a56d03bff4d/hbp_service_client/storage_service/client.py#L90-L119
HydraChain/hydrachain,9,https://github.com/HydraChain/hydrachain/blob/6c0919b0575dc8aa481f3a8c703e1a7f0575ecc3/hydrachain/consensus/base.py#L332-L342
IEMLdev/ieml,24,https://github.com/IEMLdev/ieml/blob/4c842ba7e6165e2f1b4a4e2e98759f9f33af5f25/ieml/grammar/paths/tools.py#L77-L103
IdentityPython/fedoidcmsg,15,https://github.com/IdentityPython/fedoidcmsg/blob/d30107be02521fa6cdfe285da3b6b0cdd153c8cc/src/fedoidcmsg/bundle.py#L228-L249
Jajcus/pyxmpp2,16,https://github.com/Jajcus/pyxmpp2/blob/14a40a3950910a9cd008b55f0d8905aa0186ce18/pyxmpp2/ext/legacyauth.py#L143-L166
Jammy2211/PyAutoLens,1,https://github.com/Jammy2211/PyAutoLens/blob/91e50369c7a9c048c83d217625578b72423cd5a7/autolens/data/array/scaled_array.py#L189-L205
Jasily/jasily-python,6,https://github.com/Jasily/jasily-python/blob/1c821a120ebbbbc3c5761f5f1e8a73588059242a/jasily/lang/with_any.py#L35-L61
Jaymon/pyt,6,https://github.com/Jaymon/pyt/blob/801581fd0ae238158134bde1c937fa199fa626b2/pyt/__init__.py#L43-L51
Jaza/s3-saver,4,https://github.com/Jaza/s3-saver/blob/81dc4447d76c2fc0b0238fb96fa70e879612e355/s3_saver.py#L160-L168
Julian/Virtue,3,https://github.com/Julian/Virtue/blob/d08be37d759c38c94a160bc13fe8f51bb2aeeedd/virtue/runner.py#L8-L46
Julian/libopenzwave-cffi,4,https://github.com/Julian/libopenzwave-cffi/blob/7683e5e4e08270dd7d780ab6a0ccd048343b08e1/libopenzwave/_global.py#L213-L235
L3viathan/sql-mojo-parser,3,https://github.com/L3viathan/sql-mojo-parser/blob/fc460c42f3fbcc21c6fc08c0aede8e2a5db637f3/sql_mojo_parser/__init__.py#L103-L125
LLNL/scraper,15,https://github.com/LLNL/scraper/blob/881a316e4c04dfa5a9cf491b7c7f9f997a7c56ea/scripts/github_stats.py#L235-L265
LionelAuroux/pyrser,33,https://github.com/LionelAuroux/pyrser/blob/f153a97ef2b6bf915a1ed468c0252a9a59b754d5/pyrser/ast/match.py#L488-L515
LordSputnik/mutagen,14,https://github.com/LordSputnik/mutagen/blob/38e62c8dc35c72b16554f5dbe7c0fde91acc3411/mutagen/flac.py#L686-L698
Loudr/asana-hub,9,https://github.com/Loudr/asana-hub/blob/af996ce890ed23d8ede5bf68dcd318e3438829cb/asana_hub/tool.py#L262-L282
LudovicRousseau/PyKCS11,6,https://github.com/LudovicRousseau/PyKCS11/blob/76ccd8741af2ea193aaf1ca29dfedfa412c134fe/PyKCS11/__init__.py#L820-L830
LuminosoInsight/luminoso-api-client-python,9,https://github.com/LuminosoInsight/luminoso-api-client-python/blob/3bedf2a454aee39214c11fbf556ead3eecc27881/luminoso_api/v4_client.py#L196-L214
MDAnalysis/GridDataFormats,4,https://github.com/MDAnalysis/GridDataFormats/blob/3eeb0432f8cf856912436e4f3e7aba99d3c916be/gridData/gOpenMol.py#L208-L223
MacHu-GWU/superjson-project,1,https://github.com/MacHu-GWU/superjson-project/blob/782ca4b2edbd4b4018b8cedee42eeae7c921b917/superjson/pkg/dateutil/rrule.py#L1445-L1469
ManageIQ/manageiq-api-client-python,2,https://github.com/ManageIQ/manageiq-api-client-python/blob/e0c8884929e45766c2835bc7dcf4e78b0794248f/src/manageiq_client/api.py#L393-L398
ManiacalLabs/BiblioPixel,3,https://github.com/ManiacalLabs/BiblioPixel/blob/fd97e6c651a4bbcade64733847f4eec8f7704b7c/bibliopixel/animation/collection.py#L165-L180
MartinHjelmare/leicacam,11,https://github.com/MartinHjelmare/leicacam/blob/1df37bccd34884737d3b5e169fae71dd2f21f1e2/leicacam/cam.py#L344-L387
MatMaul/pynetgear,1,https://github.com/MatMaul/pynetgear/blob/247d6b9524fcee4b2da0e65ca12c52ebdd3676b2/pynetgear/__init__.py#L243-L280
MaxStrange/AudioSegment,17,https://github.com/MaxStrange/AudioSegment/blob/1daefb8de626ddff3ff7016697c3ad31d262ecd6/audiosegment.py#L130-L155
MeirKriheli/python-bidi,1,https://github.com/MeirKriheli/python-bidi/blob/a0e265bb465c1b7ad628487991e33b5ebe364641/bidi/algorithm.py#L486-L514
Microsoft/botbuilder-python,16,https://github.com/Microsoft/botbuilder-python/blob/274663dd91c811bae6ac4488915ba5880771b0a7/libraries/botbuilder-core/botbuilder/core/message_factory.py#L47-L70
MisterY/price-database,19,https://github.com/MisterY/price-database/blob/b4fd366b7763891c690fe3000b8840e656da023e/pricedb/csv.py#L28-L42
MitchellChu/torndsession,2,https://github.com/MitchellChu/torndsession/blob/dd08554c06f47d33396a0a4485f53d0522961155/demos/memory_session.py#L53-L65
MrYsLab/PyMata,4,https://github.com/MrYsLab/PyMata/blob/7e0ec34670b5a0d3d6b74bcbe4f3808c845cc429/examples/i2c/pymata_i2c_write/bicolor_display_controller.py#L210-L219
MuhammedHasan/sklearn_utils,1,https://github.com/MuhammedHasan/sklearn_utils/blob/337c3b7a27f4921d12da496f66a2b83ef582b413/sklearn_utils/preprocessing/functional_enrichment_analysis.py#L46-L53
Music-Moo/music2storage,6,https://github.com/Music-Moo/music2storage/blob/de12b9046dd227fc8c1512b5060e7f5fcd8b0ee2/music2storage/worker.py#L26-L44
MycroftAI/padaos,2,https://github.com/MycroftAI/padaos/blob/c7fb3d72fefbe552963c5a5a0f606e1f2fde2968/padaos.py#L104-L112
MycroftAI/padatious,4,https://github.com/MycroftAI/padatious/blob/794a2530d6079bdd06e193edd0d30b2cc793e631/padatious/entity.py#L32-L39
NarrativeScience/lsi,22,https://github.com/NarrativeScience/lsi/blob/7d901b03fdb1a34ef795e5412bfe9685d948e32d/src/lsi/utils/table.py#L128-L144
NateFerrero/oauth2lib,5,https://github.com/NateFerrero/oauth2lib/blob/d161b010f8a596826050a09e5e94d59443cc12d9/oauth2lib/utils.py#L41-L65
Nekmo/amazon-dash,7,https://github.com/Nekmo/amazon-dash/blob/0e2bdc24ff8ea32cecb2f5f54f5cc1c0f99c197b/amazon_dash/config.py#L227-L240
Nekroze/greencard,1,https://github.com/Nekroze/greencard/blob/30fe7eba5742c31b666027e31f33aaa641699857/greencard/greencard.py#L22-L32
Netflix-Skunkworks/cloudaux,6,https://github.com/Netflix-Skunkworks/cloudaux/blob/c4b0870c3ac68b1c69e71d33cf78b6a8bdf437ea/cloudaux/orchestration/aws/vpc.py#L56-L69
Neurita/boyle,8,https://github.com/Neurita/boyle/blob/2dae7199849395a209c887d5f30506e1de8a9ad9/boyle/mhd/read.py#L101-L137
Nic30/hwt,75,https://github.com/Nic30/hwt/blob/8cbb399e326da3b22c233b98188a9d08dec057e6/hwt/hdl/types/boolVal.py#L70-L89
Numergy/yoda,13,https://github.com/Numergy/yoda/blob/109f0e9441130488b0155f05883ef6531cf46ee9/yoda/version.py#L20-L24
ONSdigital/sdc-cryptography,2,https://github.com/ONSdigital/sdc-cryptography/blob/846feb2b27b1c62d35ff2c290c05abcead68b23c/sdc/crypto/key_store.py#L62-L72
OpenKMIP/PyKMIP,25,https://github.com/OpenKMIP/PyKMIP/blob/b51c5b044bd05f8c85a1d65d13a583a4d8fc1b0e/kmip/core/messages/contents.py#L146-L182
OpenMath/py-openmath,4,https://github.com/OpenMath/py-openmath/blob/4906aa9ccf606f533675c28823772e07c30fd220/openmath/convert.py#L136-L149
Parsl/parsl,2,https://github.com/Parsl/parsl/blob/d7afb3bc37f50dcf224ae78637944172edb35dac/parsl/executors/low_latency/executor.py#L157-L192
Patreon/multiget-cache-py,1,https://github.com/Patreon/multiget-cache-py/blob/824ec4809c97cc7e0035810bd9fefd1262de3318/multiget_cache/base_cache_wrapper.py#L55-L60
PierreRaybaut/PyQtdoc,1,https://github.com/PierreRaybaut/PyQtdoc/blob/71dce1cf11d958f72db2f5b9519d3540569b7720/setup.py#L8-L14
PiotrDabkowski/Js2Py,13,https://github.com/PiotrDabkowski/Js2Py/blob/c0fa43f5679cf91ca8986c5747fcb07a433dc584/js2py/legecy_translators/jsparser.py#L246-L267
Pirionfr/pyLinky,2,https://github.com/Pirionfr/pyLinky/blob/4372496bfcdd95ccfd2f017634cf02b38a2d6fd1/pylinky/__main__.py#L8-L27
PolicyStat/docx2html,6,https://github.com/PolicyStat/docx2html/blob/2dc4afd1e3a3f2f0b357d0bff903eb58bcc94429/docx2html/core.py#L548-L558
PyCQA/pylint,113,https://github.com/PyCQA/pylint/blob/2bf5c61a3ff6ae90613b81679de42c0f19aea600/pylint/graph.py#L173-L198
PyFilesystem/s3fs,2,https://github.com/PyFilesystem/s3fs/blob/1c5e3a1b6abbb9dff91ea7fc4cec7353798cd536/fs_s3fs/_s3fs.py#L171-L192
PyProphet/pyprophet,2,https://github.com/PyProphet/pyprophet/blob/f546ad171750cd7685afbde6785fe71f82cadb35/pyprophet/main.py#L195-L205
Qiskit/qiskit-terra,149,https://github.com/Qiskit/qiskit-terra/blob/d4f58d903bc96341b816f7c35df936d6421267d1/qiskit/quantum_info/operators/channel/transformations.py#L168-L171
RRZE-HPC/kerncraft,47,https://github.com/RRZE-HPC/kerncraft/blob/c60baf8043e4da8d8d66da7575021c2f4c6c78af/kerncraft/kernel.py#L1110-L1115
RazerM/yourls-python,2,https://github.com/RazerM/yourls-python/blob/716845562a2bbb430de3c379c9481b195e451ccf/yourls/core.py#L121-L164
SeabornGames/Logger,5,https://github.com/SeabornGames/Logger/blob/fb8b1700557aaea8d3216bd4c4df33c302bece7f/seaborn_logger/skip_traceback.py#L17-L29
SectorLabs/django-postgres-extra,13,https://github.com/SectorLabs/django-postgres-extra/blob/eef2ed5504d225858d4e4f5d77a838082ca6053e/psqlextra/backend/base.py#L149-L166
SiLab-Bonn/pixel_clusterizer,1,https://github.com/SiLab-Bonn/pixel_clusterizer/blob/d2c8c3072fb03ebb7c6a3e8c57350fbbe38efd4d/pixel_clusterizer/clusterizer.py#L220-L239
Skyscanner/pages,1,https://github.com/Skyscanner/pages/blob/f80471ef01f84b11e4d751dff1e6398ae1e230b8/pages/ui_component.py#L68-L80
SmBe19/praw-OAuth2Util,2,https://github.com/SmBe19/praw-OAuth2Util/blob/ca0a2d4d7eefcc681aac92c9cd4b83cd9ea6c5fe/OAuth2Util/OAuth2Util.py#L234-L241
SmokinCaterpillar/pypet,77,https://github.com/SmokinCaterpillar/pypet/blob/97ad3e80d46dbdea02deeb98ea41f05a19565826/pypet/slots.py#L6-L15
StaticCube/python-synology,8,https://github.com/StaticCube/python-synology/blob/a5446a052fc91a38f7589803dc7a654180db2566/SynologyDSM/SynologyDSM.py#L512-L527
TDG-Platform/cloud-harness,11,https://github.com/TDG-Platform/cloud-harness/blob/1d8f972f861816b90785a484e9bec5bd4bc2f569/gbdx_task_template/gbdx_task_interface.py#L93-L105
Terrance/SkPy,14,https://github.com/Terrance/SkPy/blob/0f9489c94e8ec4d3effab4314497428872a80ad1/skpy/util.py#L70-L83
Toblerity/rtree,2,https://github.com/Toblerity/rtree/blob/5d33357c8e88f1a8344415dc15a7d2440211b281/rtree/index.py#L661-L677
ToucanToco/toucan-data-sdk,8,https://github.com/ToucanToco/toucan-data-sdk/blob/c3ca874e1b64f4bdcc2edda750a72d45d1561d8a/toucan_data_sdk/sdk.py#L173-L191
Tsjerk/Insane,2,https://github.com/Tsjerk/Insane/blob/b73f08910ddb0b66597b20ff75ecee7f65f4ecf6/insane/converters.py#L51-L70
UCBerkeleySETI/blimpy,17,https://github.com/UCBerkeleySETI/blimpy/blob/b8822d3e3e911944370d84371a91fa0c29e9772e/blimpy/calib_utils/stokescal.py#L267-L272
UDST/pandana,1,https://github.com/UDST/pandana/blob/961a7ef8d3b0144b190cb60bbd61845fca6fb314/pandana/loaders/osm.py#L160-L189
URXtech/cmph-cffi,1,https://github.com/URXtech/cmph-cffi/blob/85298572e51675cd0c7ef1052ed9989b0e57f0cc/cmph/__init__.py#L230-L250
VingtCinq/python-mailchimp,4,https://github.com/VingtCinq/python-mailchimp/blob/1b472f1b64fdde974732ac4b7ed48908bb707260/mailchimp3/entities/storeproductimages.py#L28-L54
VingtCinq/python-resize-image,2,https://github.com/VingtCinq/python-resize-image/blob/a4e645792ef30c5fcc558df6da6de18b1ecb95ea/resizeimage/resizeimage.py#L38-L41
VorskiImagineering/C3PO,8,https://github.com/VorskiImagineering/C3PO/blob/e3e35835e5ac24158848afed4f905ca44ac3ae00/c3po/mod/communicator.py#L127-L146
WGBH/wagtail-streamfieldtools,1,https://github.com/WGBH/wagtail-streamfieldtools/blob/192f86845532742b0b7d432bef3987357833b8ed/streamfield_tools/registry.py#L59-L73
WoLpH/mt940,3,https://github.com/WoLpH/mt940/blob/fd71c88f7ec8372f4194f831f4c29c6f9bd9d0eb/mt940/utils.py#L28-L43
Yaco-Sistemas/django-transmeta,1,https://github.com/Yaco-Sistemas/django-transmeta/blob/de070aae27770df046b4ba995f01f654db7ed1a2/transmeta/__init__.py#L70-L92
Yelp/py_zipkin,8,https://github.com/Yelp/py_zipkin/blob/0944d9a3fb1f1798dbb276694aeed99f2b4283ba/py_zipkin/util.py#L17-L29
Yubico/python-u2flib-host,2,https://github.com/Yubico/python-u2flib-host/blob/eadc4dbf3bf516e74ea00d2e5690742a535834cb/u2flib_host/authenticate.py#L41-L80
a-tal/nagaram,7,https://github.com/a-tal/nagaram/blob/2edcb0ef8cb569ebd1c398be826472b4831d6110/nagaram/cmdline.py#L148-L160
abau171/highfive,7,https://github.com/abau171/highfive/blob/07b3829331072035ab100d1d66deca3e8f3f372a/highfive/master.py#L11-L22
abourget/gevent-socketio,1,https://github.com/abourget/gevent-socketio/blob/1cdb1594a315326987a17ce0924ea448a82fab01/socketio/mixins.py#L28-L39
accraze/pymtranslate,1,https://github.com/accraze/pymtranslate/blob/b18f9d7e8ef1583c988e8beb6c3304d362a4d979/pymtranslate/translator.py#L44-L62
adafruit/Adafruit_Python_PureIO,1,https://github.com/adafruit/Adafruit_Python_PureIO/blob/6f4976d91c52d70b67b28bba75a429b5328a52c1/Adafruit_PureIO/smbus.py#L258-L268
adamcharnock/seed,3,https://github.com/adamcharnock/seed/blob/48232a2497bd94c5e1466a5b33a929f253ab5112/seed/commands/release.py#L327-L360
addok/addok,8,https://github.com/addok/addok/blob/46a270d76ec778d2b445c2be753e5c6ba070a9b2/addok/shell.py#L375-L384
aeroxis/sultan,1,https://github.com/aeroxis/sultan/blob/65b4271a161d6c19a9eb0170b5a95832a139ab7f/src/sultan/echo/colorlog/colorlog.py#L182-L199
agabrown/PyGaia,10,https://github.com/agabrown/PyGaia/blob/ae972b0622a15f713ffae471f925eac25ccdae47/pygaia/errors/photometric.py#L38-L59
agile-geoscience/striplog,20,https://github.com/agile-geoscience/striplog/blob/8033b673a151f96c29802b43763e863519a3124c/striplog/lexicon.py#L211-L251
agsimeonov/cbexchange,2,https://github.com/agsimeonov/cbexchange/blob/e3762f77583f89cf7b4f501ab3c7675fc7d30ab3/cbexchange/private.py#L274-L295
aholkner/bacon,10,https://github.com/aholkner/bacon/blob/edf3810dcb211942d392a8637945871399b0650d/bacon/graphics.py#L181-L195
aio-libs/aioftp,7,https://github.com/aio-libs/aioftp/blob/b45395b1aba41301b898040acade7010e6878a08/aioftp/client.py#L445-L479
albertodonato/prometheus-aioexporter,3,https://github.com/albertodonato/prometheus-aioexporter/blob/e1b85544ce72bfaae9182597709a2ecede8c8242/prometheus_aioexporter/script.py#L139-L143
aleju/imgaug,1,https://github.com/aleju/imgaug/blob/786be74aa855513840113ea523c5df495dc6a8af/imgaug/augmentables/polys.py#L593-L636
alex-kostirin/pyatomac,5,https://github.com/alex-kostirin/pyatomac/blob/3f46f6feb4504315eec07abb18bb41be4d257aeb/atomac/ooldtp/__init__.py#L623-L645
alexprengere/currencyconverter,4,https://github.com/alexprengere/currencyconverter/blob/e3cb0d693819c0c824214225b23a47e9380f71df/currency_converter/currency_converter.py#L147-L159
alghafli/fileslice,2,https://github.com/alghafli/fileslice/blob/ada4cb2a1bb78a3d7f7b43fc81f6a1921f8d41c2/fileslice.py#L74-L93
algofairness/BlackBoxAuditing,4,https://github.com/algofairness/BlackBoxAuditing/blob/b06c4faed5591cd7088475b2a203127bc5820483/BlackBoxAuditing/repairers/calculators.py#L3-L24
alpha-xone/xbbg,6,https://github.com/alpha-xone/xbbg/blob/70226eb19a72a08144b5d8cea9db4913200f7bc5/xbbg/core/missing.py#L8-L15
ambitioninc/python-logentries-api,9,https://github.com/ambitioninc/python-logentries-api/blob/77ff1a7a2995d7ea2725b74e34c0f880f4ee23bc/logentries_api/special_alerts.py#L291-L306
amcat/progressmonitor,5,https://github.com/amcat/progressmonitor/blob/d4cabebc95bfd1447120f601c094b20bee954285/progressmonitor/__init__.py#L10-L31
amelchio/eternalegypt,1,https://github.com/amelchio/eternalegypt/blob/895e0b235ceaf7f61458c620237c3ad397780e98/examples/failover.py#L12-L27
amorison/loam,7,https://github.com/amorison/loam/blob/a566c943a75e068a4510099331a1ddfe5bbbdd94/loam/cli.py#L182-L201
amyth/django-instapush,1,https://github.com/amyth/django-instapush/blob/f8643a2e342fc73a16c95dff79c3daac8ce4b034/instapush/libs/gcm.py#L150-L156
analytehealth/django-analytics,1,https://github.com/analytehealth/django-analytics/blob/7782d3f81249dcb1b266afb0cb1e90000108c74d/djanalytics/views.py#L123-L135
andreafrancia/trash-cli,1,https://github.com/andreafrancia/trash-cli/blob/5abecd53e1d84f2a5fd3fc60d2f5d71e518826c5/trashcli/put.py#L273-L308
andreikop/python-ws-discovery,2,https://github.com/andreikop/python-ws-discovery/blob/a7b852cf43115c6f986e509b1870d6963e76687f/wsdiscovery/daemon.py#L555-L565
anentropic/dirtyebay,2,https://github.com/anentropic/dirtyebay/blob/c3194932360445563cfe0c7e034e41f09358c7eb/dirtyebay/utils.py#L36-L57
ankitmathur3193/song-cli,1,https://github.com/ankitmathur3193/song-cli/blob/ca8ccfe547e9d702313ff6d14e81ae4355989a67/song/commands/SearchEngineParser/GoogleParser.py#L10-L18
annoviko/pyclustering,2,https://github.com/annoviko/pyclustering/blob/98aa0dd89fd36f701668fb1eb29c8fb5662bf7d0/pyclustering/cluster/clique.py#L108-L125
ansible/ansible-lint,3,https://github.com/ansible/ansible-lint/blob/b4a8743794e592698c32e760bc774a85f8eebeb5/lib/ansiblelint/utils.py#L599-L634
ansible/tower-cli,10,https://github.com/ansible/tower-cli/blob/a2b151fed93c47725018d3034848cb3a1814bed7/tower_cli/models/base.py#L235-L246
antevens/listen,4,https://github.com/antevens/listen/blob/d3ddff8e7fbfb672c5bd7f6f4febeb5e921d8c67/listen/signal_handler.py#L190-L204
apache/airflow,149,https://github.com/apache/airflow/blob/b69c686ad8a0c89b9136bb4b31767257eb7b2597/airflow/contrib/hooks/gcp_sql_hook.py#L97-L112
apache/incubator-heron,10,https://github.com/apache/incubator-heron/blob/ad10325a0febe89ad337e561ebcbe37ec5d9a5ac/heron/instance/src/python/utils/misc/pplan_helper.py#L176-L208
appknox/google-chartwrapper,3,https://github.com/appknox/google-chartwrapper/blob/3769aecbef6c83b6cd93ee72ece478ffe433ac57/GChartWrapper/GChart.py#L271-L283
appliedsec/pygeoip,2,https://github.com/appliedsec/pygeoip/blob/2a725df0b727e8b08f217ab84f7b8243c42554f5/pygeoip/__init__.py#L406-L422
arcticfoxnv/slackminion,2,https://github.com/arcticfoxnv/slackminion/blob/62ea77aba5ac5ba582793e578a379a76f7d26cdb/slackminion/plugins/core/acl.py#L151-L159
arlyon/hyperion,2,https://github.com/arlyon/hyperion/blob/d8de0388ba98b85ce472e0f49ac18fecb14d3343/hyperion/models/util.py#L118-L131
asciimoo/searx,1,https://github.com/asciimoo/searx/blob/a84caa22cf947e973c10aa968d35fb2bdda6d048/searx/poolrequests.py#L90-L128
assemblerflow/flowcraft,32,https://github.com/assemblerflow/flowcraft/blob/fc3f4bddded1efc76006600016dc71a06dd908c0/flowcraft/templates/process_viral_assembly.py#L393-L405
astrorafael/twisted-mqtt,6,https://github.com/astrorafael/twisted-mqtt/blob/5b322f7c2b82a502b1e1b70703ae45f1f668d07d/examples/pubsubs.py#L72-L89
athre0z/wasm,1,https://github.com/athre0z/wasm/blob/bc9c7e3f40242a2a8fc9650c4b994f0cddf8d755/wasm/decode.py#L14-L29
atlassistant/pychatl,2,https://github.com/atlassistant/pychatl/blob/e2b5600c3183830be266f55fd110dc5e75a86e1c/pychatl/utils.py#L3-L24
attm2x/m2x-python,4,https://github.com/attm2x/m2x-python/blob/df83f590114692b1f96577148b7ba260065905bb/m2x/v2/streams.py#L15-L26
authomatic/authomatic,6,https://github.com/authomatic/authomatic/blob/90a9ce60cc405ae8a2bf5c3713acd5d78579a04e/authomatic/core.py#L212-L228
avelino/bottle-auth,9,https://github.com/avelino/bottle-auth/blob/db07e526864aeac05ee68444b47e5db29540ce18/bottle_auth/core/auth.py#L426-L455
awentzonline/keras-vgg-buddy,6,https://github.com/awentzonline/keras-vgg-buddy/blob/716cb66396b839a66ec8dc66998066b360a8f395/keras_vgg_buddy/models.py#L48-L53
azogue/esiosdata,1,https://github.com/azogue/esiosdata/blob/680c7918955bc6ceee5bded92b3a4485f5ea8151/esiosdata/classdataesios.py#L63-L70
bakwc/PySyncObj,5,https://github.com/bakwc/PySyncObj/blob/be3b0aaa932d5156f5df140c23c962430f51b7b8/pysyncobj/batteries.py#L389-L394
benmontet/f3,3,https://github.com/benmontet/f3/blob/b2e1dc250e4e3e884a54c501cd35cf02d5b8719e/f3/photometry.py#L424-L449
bethgelab/foolbox,2,https://github.com/bethgelab/foolbox/blob/8ab54248c70e45d8580a7d9ee44c9c0fb5755c4a/foolbox/utils.py#L89-L117
bheinzerling/descriptors,4,https://github.com/bheinzerling/descriptors/blob/04fff864649fba9bd6a2d8f8b649cf30994e0e46/descriptors/Descriptor.py#L83-L99
bigdatacesga/kvstore,2,https://github.com/bigdatacesga/kvstore/blob/8ad2222b39d47defc8ad30deda3da06798e2a9a4/kvstore.py#L39-L57
bindlock/vklancer,3,https://github.com/bindlock/vklancer/blob/10151c3856bc6f46a1f446ae4d605d46aace3669/vklancer/api.py#L26-L39
bipsandbytes/django-api,1,https://github.com/bipsandbytes/django-api/blob/df99f4ccbb0c5128bd06da83f60881a85f6dbfe1/django_api/decorators.py#L185-L218
bird-house/twitcher,4,https://github.com/bird-house/twitcher/blob/e6a36b3aeeacf44eec537434b0fb87c09ab54b5f/twitcher/datatype.py#L56-L67
bitlabstudio/django-dashboard-app,2,https://github.com/bitlabstudio/django-dashboard-app/blob/ed98f2bca91a4ced36d0dd1aa1baee78e989cf64/dashboard_app/view_mixins.py#L44-L61
bitlabstudio/django-hero-slider,2,https://github.com/bitlabstudio/django-hero-slider/blob/8153b3eece76c47210a266c2edb660725c34a56e/hero_slider/templatetags/hero_slider_tags.py#L21-L30
bivab/smbus-cffi,6,https://github.com/bivab/smbus-cffi/blob/7486931edf55fcdde84db38356331c65851a40b1/smbus/smbus.py#L226-L239
bjoernricks/python-quilt,7,https://github.com/bjoernricks/python-quilt/blob/fae88237f601848cc34d073584d9dcb409f01777/quilt/utils.py#L76-L103
bkg/greenwich,10,https://github.com/bkg/greenwich/blob/57ec644dadfe43ce0ecf2cfd32a2de71e0c8c141/greenwich/raster.py#L474-L488
bkosciow/python_iot-1,1,https://github.com/bkosciow/python_iot-1/blob/32880760e0d218a686ebdb0b6ee3ce07e5cbf018/setup.py#L9-L12
blockstack-packages/keychain-manager-py,1,https://github.com/blockstack-packages/keychain-manager-py/blob/c15c4ed8f3ed155f71ccac7c13ee08f081d38c06/keychain/utils.py#L41-L55
blockstack/zone-file-py,22,https://github.com/blockstack/zone-file-py/blob/c1078c8c3c28f0881bc9a3af53d4972c4a6862d0/blockstack_zones/record_processors.py#L26-L72
bloomreach/s4cmd,34,https://github.com/bloomreach/s4cmd/blob/bb51075bf43703e7cd95aa39288cf7732ec13a6d/s4cmd.py#L1754-L1761
bluedisk/hangul-toolkit,1,https://github.com/bluedisk/hangul-toolkit/blob/f36b534ee339263fb72e687b732697cc7ed290dc/hgtk/letter.py#L49-L79
bolt-project/bolt,10,https://github.com/bolt-project/bolt/blob/9cd7104aa085498da3097b72696184b9d3651c51/bolt/factory.py#L37-L55
boto/s3transfer,6,https://github.com/boto/s3transfer/blob/2aead638c8385d8ae0b1756b2de17e8fad45fffa/s3transfer/processpool.py#L596-L608
boundary/pulse-api-cli,14,https://github.com/boundary/pulse-api-cli/blob/b01ca65b442eed19faac309c9d62bbc3cb2c098f/boundary/api_cli.py#L98-L104
boundlessgeo/gsconfig,2,https://github.com/boundlessgeo/gsconfig/blob/532f561f32b91ea8debea0573c503dd20988bf40/src/geoserver/support.py#L47-L69
boxed/mutmut,2,https://github.com/boxed/mutmut/blob/dd3bbe9aba3168ed21b85fbfe0b654b150239697/mutmut/__init__.py#L564-L586
brandon-rhodes/python-jplephem,4,https://github.com/brandon-rhodes/python-jplephem/blob/48c99ce40c627e24c95479d8845e312ea168f567/jplephem/daf.py#L92-L117
briandilley/ebs-deploy,3,https://github.com/briandilley/ebs-deploy/blob/4178c9c1282a9025fb987dab3470bea28c202e10/ebs_deploy/__init__.py#L356-L377
bruth/cypher,1,https://github.com/bruth/cypher/blob/4f962f51539ac5a667ab5a050b6b4052d4c10c0f/cypher/shortcuts.py#L5-L23
bsmithyman/problemo,1,https://github.com/bsmithyman/problemo/blob/711c54894e50200accd02c5e5b427194b628b3e9/problemo/solverwrap.py#L61-L66
buckket/twtxt,1,https://github.com/buckket/twtxt/blob/6c8ad8ef3cbcf0dd335a12285d8b6bbdf93ce851/twtxt/config.py#L222-L253
c-soft/satel_integra,8,https://github.com/c-soft/satel_integra/blob/3b6d2020d1e10dc5aa40f30ee4ecc0f3a053eb3c/satel_integra/satel_integra.py#L311-L322
calston/tensor,5,https://github.com/calston/tensor/blob/7c0c99708b5dbff97f3895f705e11996b608549d/tensor/utils.py#L349-L357
capitalone/giraffez,7,https://github.com/capitalone/giraffez/blob/6b4d27eb1a1eaf188c6885c7364ef27e92b1b957/giraffez/types.py#L347-L364
cartoonist/pystream-protobuf,2,https://github.com/cartoonist/pystream-protobuf/blob/40e70b932436887b748905e5e0a82839e4c559f0/stream/stream.py#L39-L53
cassinyio/SwarmSpawner,3,https://github.com/cassinyio/SwarmSpawner/blob/3c39134ef7e02e2afc5d18da7d18d2c69421ed08/cassinyspawner/swarmspawner.py#L132-L147
ccubed/Shosetsu,5,https://github.com/ccubed/Shosetsu/blob/eba01c058100ec8806129b11a2859f3126a1b101/Shosetsu/VNDB.py#L211-L233
celiao/tmdbsimple,25,https://github.com/celiao/tmdbsimple/blob/ff17893110c99771d6398a62c35d36dd9735f4b9/tmdbsimple/movies.py#L70-L85
cgarciae/dicto,1,https://github.com/cgarciae/dicto/blob/fee67e1abcf2538455fee62414c34eb2354bdafa/dicto/dicto_legacy.py#L54-L70
chairco/pyRscript,1,https://github.com/chairco/pyRscript/blob/e952f450a873de52baa4fe80ed901f0cf990c0b7/pyRscript/pyRscript.py#L88-L98
chaoss/grimoirelab-kingarthur,16,https://github.com/chaoss/grimoirelab-kingarthur/blob/9d6a638bee68d5e5c511f045eeebf06340fd3252/arthur/scheduler.py#L220-L251
chaoss/grimoirelab-perceval,133,https://github.com/chaoss/grimoirelab-perceval/blob/41c908605e88b7ebc3a536c643fa0f212eaf9e0e/perceval/backends/core/github.py#L578-L598
chaoss/grimoirelab-perceval-mozilla,7,https://github.com/chaoss/grimoirelab-perceval-mozilla/blob/4514f8d3d609d3cb79d83c72d51fcc4b4a7daeb4/perceval/backends/mozilla/crates.py#L231-L238
chaoss/grimoirelab-sirmordred,2,https://github.com/chaoss/grimoirelab-sirmordred/blob/d6ac94d28d707fae23170064d078f1edf937d13e/sirmordred/eclipse_projects_lib.py#L170-L183
chrisjrn/registrasion,24,https://github.com/chrisjrn/registrasion/blob/461d5846c6f9f3b7099322a94f5d9911564448e4/registrasion/controllers/batch.py#L71-L104
chrislit/abydos,11,https://github.com/chrislit/abydos/blob/165466b3ff6afd8024a4c8660421b0c4e7773db9/abydos/stemmer/_s_stemmer.py#L42-L77
chrisnorman7/wxgoodies,1,https://github.com/chrisnorman7/wxgoodies/blob/0064e4d5784714b90357ebb0bc721395e103349b/wxgoodies/keys.py#L44-L68
chrisrink10/basilisp,61,https://github.com/chrisrink10/basilisp/blob/3d82670ee218ec64eb066289c82766d14d18cc92/src/basilisp/lang/set.py#L129-L131
chrisspen/burlap,3,https://github.com/chrisspen/burlap/blob/a92b0a8e5206850bb777c74af8421ea8b33779bd/burlap/common.py#L1939-L1967
chuck1/codemach,4,https://github.com/chuck1/codemach/blob/b0e02f363da7aa58de7d6ad6499784282958adeb/codemach/machine.py#L433-L464
cldf/clts,1,https://github.com/cldf/clts/blob/2798554c9c4e668bce0e4f5b0d91cf03c2d7c13a/src/pyclts/soundclasses.py#L27-L51
cldf/csvw,1,https://github.com/cldf/csvw/blob/181c94b6c599575945e52d370a415f12f3433eab/src/csvw/utils.py#L86-L112
cldf/pycldf,2,https://github.com/cldf/pycldf/blob/636f1eb3ea769394e14ad9e42a83b6096efa9728/src/pycldf/db.py#L181-L212
cloud9ers/gurumate,416,https://github.com/cloud9ers/gurumate/blob/075dc74d1ee62a8c6b7a8bf2b271364f01629d1e/environment/lib/python2.7/site-packages/psutil/_psosx.py#L188-L191
clouserw/tower,4,https://github.com/clouserw/tower/blob/e2ac254f7dac887952441592f7772af7bb25cc7b/tower/__init__.py#L169-L198
cltrudeau/django-awl,2,https://github.com/cltrudeau/django-awl/blob/70d469ef9a161c1170b53aa017cf02d7c15eb90c/awl/waelsteng.py#L74-L104
cmcginty/PyWeather,6,https://github.com/cmcginty/PyWeather/blob/8c25d9cd1fa921e0a6e460d523656279cac045cb/scripts/weatherpub.py#L51-L73
codeghar/brokerlso,3,https://github.com/codeghar/brokerlso/blob/e110e12502b090e12b06c7615dd0a96a14a92585/brokerlso/qmfv2.py#L179-L194
codeinthehole/django-async-messages,3,https://github.com/codeinthehole/django-async-messages/blob/292cb2fc517521dabc67b90e7ca5b1617f59e214/async_messages/__init__.py#L33-L44
codelv/enaml-native-maps,2,https://github.com/codelv/enaml-native-maps/blob/5b6dda745cede05755dd40d29775cc0544226c29/src/googlemaps/android/android_map_view.py#L62-L78
codelv/enaml-web,8,https://github.com/codelv/enaml-web/blob/88f1131a7b3ba9e83467b4f44bc3bab6f0de7559/examples/data_binding/main.py#L57-L81
cokelaer/spectrum,5,https://github.com/cokelaer/spectrum/blob/bad6c32e3f10e185098748f67bb421b378b06afe/src/spectrum/window.py#L1168-L1204
coleifer/irc,8,https://github.com/coleifer/irc/blob/f9d2bd6369aafe6cb0916c9406270ca8ecea2080/botnet/worker.py#L99-L108
connectordb/connectordb-python,7,https://github.com/connectordb/connectordb-python/blob/2092b0cb30898139a247176bcf433d5a4abde7cb/connectordb/logger.py#L361-L379
coops/r53,2,https://github.com/coops/r53/blob/3c4e7242ad65b0e1ad4ba6b4ac893c7d501ceb0a/src/r53/r53.py#L73-L82
coremke/django-quill,1,https://github.com/coremke/django-quill/blob/6c5ace1a96e291f0a8e401f6d61d634dd0cb7c9f/quill/widgets.py#L35-L48
cpenv/cpenv,1,https://github.com/cpenv/cpenv/blob/afbb569ae04002743db041d3629a5be8c290bd89/cpenv/utils.py#L384-L397
cthoyt/ols-client,4,https://github.com/cthoyt/ols-client/blob/8c6bb54888675652d25324184967392d00d128fc/src/ols_client/client.py#L208-L225
d0c-s4vage/gramfuzz,2,https://github.com/d0c-s4vage/gramfuzz/blob/023727ac8744ae026d1105cc97c152bdf3abb8d6/examples/grams/bizbs.py#L32-L48
dade-ai/snipy,4,https://github.com/dade-ai/snipy/blob/408520867179f99b3158b57520e2619f3fecd69b/snipy/img/imageutil.py#L461-L476
dagster-io/dagster,7,https://github.com/dagster-io/dagster/blob/4119f8c773089de64831b1dfb9e168e353d401dc/python_modules/dagster/dagster/core/types/field_utils.py#L338-L359
datacamp/pythonwhat,3,https://github.com/datacamp/pythonwhat/blob/ffbf7f8436a51f77c22f3bed75ba3bc37a5c666f/pythonwhat/checks/has_funcs.py#L420-L456
dave-shawley/ietfparse,13,https://github.com/dave-shawley/ietfparse/blob/d28f360941316e45c1596589fa59bc7d25aa20e0/ietfparse/headers.py#L378-L411
davelab6/pyfontaine,2,https://github.com/davelab6/pyfontaine/blob/e9af7f2667e85803a7f5ea2b1f0d9a34931f3b95/fontaine/charsets/internals/gfonts_utils.py#L104-L126
davidmiller/urlhelp,2,https://github.com/davidmiller/urlhelp/blob/9cc417a5dc5bd4a7e17ed78a1f1394a6ece9faa5/urlhelp/__init__.py#L34-L52
dbcli/cli_helpers,15,https://github.com/dbcli/cli_helpers/blob/3ebd891ac0c02bad061182dbcb54a47fb21980ae/cli_helpers/utils.py#L10-L21
deepmipt/DeepPavlov,28,https://github.com/deepmipt/DeepPavlov/blob/f3e4a69a3764d25d2f5bad4f1f1aebc872b00f9c/deeppavlov/models/classifiers/utils.py#L24-L49
dereneaton/ipyrad,13,https://github.com/dereneaton/ipyrad/blob/5eeb8a178160f45faf71bf47cec4abe998a575d1/ipyrad/analysis/bpp.py#L741-L787
dhhagan/py-opc,1,https://github.com/dhhagan/py-opc/blob/2c8f19530fb64bf5fd4ee0d694a47850161ed8a7/opc/__init__.py#L886-L924
django-inplaceedit/django-inplaceedit,1,https://github.com/django-inplaceedit/django-inplaceedit/blob/7ba18e7906f56c56395ca07e2486755062efce00/inplaceeditform/commons.py#L35-L57
djangobot/djangobot,3,https://github.com/djangobot/djangobot/blob/0ec951891812ea4114c27a08c790f63d0f0fd254/djangobot/slack.py#L99-L108
dogoncouch/lightcli,3,https://github.com/dogoncouch/lightcli/blob/e63093dfc4f983ec9c9571ff186bf114c1f782c3/lightcli.py#L121-L155
dopefishh/pympi,17,https://github.com/dopefishh/pympi/blob/79c747cde45b5ba203ed93154d8c123ac9c3ef56/pympi/Elan.py#L600-L616
dossier/dossier.store,14,https://github.com/dossier/dossier.store/blob/b22ffe2470bba9fcc98a30cb55b437bfa1521e7f/dossier/store/elastic.py#L140-L160
draios/python-sdc-client,7,https://github.com/draios/python-sdc-client/blob/47f83415842048778939b90944f64386a3bcb205/sdcclient/_secure.py#L849-L869
drhagen/parsita,5,https://github.com/drhagen/parsita/blob/d97414a05541f48231381f607d1d2e6b50781d39/parsita/parsers.py#L318-L330
dwhswenson/autorelease,3,https://github.com/dwhswenson/autorelease/blob/339c32c3934e4751857f35aaa2bfffaaaf3b39c4/autorelease/version_checks.py#L23-L66
eagleflo/adjutant,1,https://github.com/eagleflo/adjutant/blob/85d800d9979fa122e0888af48c2e6a697f9da458/adjutant.py#L109-L119
ecometrica/grandfatherson,1,https://github.com/ecometrica/grandfatherson/blob/b166e4e44887960c3066ebd28eecadfae19561e1/grandfatherson/filters.py#L37-L42
edaniszewski/colorutils,8,https://github.com/edaniszewski/colorutils/blob/bdff54091cb5d62aa8628ce39bc09abd40fb8dd0/colorutils/convert.py#L112-L132
edavis/django-override-settings,2,https://github.com/edavis/django-override-settings/blob/016a2ba44cf7132d3aeefbfeddaf201217b1d4b6/override_settings/__init__.py#L75-L81
edeposit/marcxml_parser,1,https://github.com/edeposit/marcxml_parser/blob/6d1c77c61fc2827b71f1b3d5aa3332d7f5807820/src/marcxml_parser/query.py#L539-L552
edoburu/django-debugtools,7,https://github.com/edoburu/django-debugtools/blob/5c609c00fa9954330cd135fc62a1e18b8e7fea8a/debugtools/templatetags/debugtools_tags.py#L64-L83
edoburu/django-tag-parser,3,https://github.com/edoburu/django-tag-parser/blob/c24256cfdd0248434f2e3df3444ed9f945d4181f/tag_parser/basetags.py#L167-L186
edx/ease,1,https://github.com/edx/ease/blob/a7890ed403da94d03726b0639cd8ebda45af6bbb/ease/model_creator.py#L113-L128
edx/ecommerce-worker,7,https://github.com/edx/ecommerce-worker/blob/55246961d805b1f64d661a5c0bae0a216589401f/ecommerce_worker/cache.py#L23-L51
edx/edx-enterprise,7,https://github.com/edx/edx-enterprise/blob/aea91379ab0a87cd3bc798961fce28b60ee49a80/enterprise/utils.py#L543-L567
edx/edx-organizations,2,https://github.com/edx/edx-organizations/blob/51000d5d359d880a6eb3a79345f60744f1982c00/organizations/validators.py#L23-L33
edx/edx-search,2,https://github.com/edx/edx-search/blob/476cf02b71ceba34ae7d8b798f36d60692317c55/search/elastic.py#L26-L61
edx/web-fragments,3,https://github.com/edx/web-fragments/blob/42d760d700d70465e4e573b7b41442d8802ccd3c/web_fragments/views.py#L32-L40
eecs-autograder/autograder-sandbox,1,https://github.com/eecs-autograder/autograder-sandbox/blob/230e806e3740e2aaf5f5568dd6a265558f165c63/autograder_sandbox/autograder_sandbox.py#L347-L356
ekmmetering/ekmmeters,13,https://github.com/ekmmetering/ekmmeters/blob/b3748bdf30263bfa46ea40157bdf8df2522e1904/ekmmeters.py#L3189-L3201
ekzhu/datasketch,4,https://github.com/ekzhu/datasketch/blob/b3e4129987890a2beb04f2c0b6dc618ae35f2e14/datasketch/lshensemble_partition.py#L75-L93
elliterate/capybara.py,35,https://github.com/elliterate/capybara.py/blob/0c6ae449cc37e4445ec3cd6af95674533beedc6c/capybara/node/actions.py#L16-L42
elyase/masstable,6,https://github.com/elyase/masstable/blob/3eb72b22cd3337bc5c6bb95bb7bb73fdbe6ae9e2/masstable/masstable.py#L70-L89
ema/pycodicefiscale,1,https://github.com/ema/pycodicefiscale/blob/4d06a145cdcffe7ee576f2fedaf40e2c6f7692a4/codicefiscale.py#L179-L198
eng-tools/geofound,5,https://github.com/eng-tools/geofound/blob/6b1b097d5db998907bdcb5b4798fb4629674c770/geofound/models.py#L70-L80
erichiggins/gaek,2,https://github.com/erichiggins/gaek/blob/eb6bbc2d2688302834f97fd97891592e8b9659f2/gaek/ndb_json.py#L226-L229
etingof/pysmi,16,https://github.com/etingof/pysmi/blob/379a0a384c81875731be51a054bdacced6260fd8/pysmi/parser/smi.py#L931-L938
ewilazarus/yld,2,https://github.com/ewilazarus/yld/blob/157e474d1055f14ffdfd7e99da6c77d5f17d4307/yld/tag.py#L174-L187
eyeseast/python-frontmatter,2,https://github.com/eyeseast/python-frontmatter/blob/c318e583c48599eb597e0ad59c5d972258c3febc/frontmatter/__init__.py#L249-L253
farzadghanei/statsd-metrics,3,https://github.com/farzadghanei/statsd-metrics/blob/153ff37b79777f208e49bb9d3fb737ba52b99f98/statsdmetrics/client/__init__.py#L186-L199
fastmonkeys/stellar,3,https://github.com/fastmonkeys/stellar/blob/79f0353563c35fa6ae46a2f00886ab1dd31c4492/stellar/command.py#L58-L70
ferhatelmas/sexmachine,1,https://github.com/ferhatelmas/sexmachine/blob/85d33bb47ccc017676e69788750f116e391f52db/sexmachine/detector.py#L64-L72
ferrix/dj-mongohq-url,3,https://github.com/ferrix/dj-mongohq-url/blob/0901ca46cf7071881726310e666a5fe9aa0303ef/dj_mongohq_url.py#L36-L62
flit/elapsedtimer,2,https://github.com/flit/elapsedtimer/blob/30cd61bb4e3f4dff4e13c7a3e49c410795224a4b/elapsedtimer.py#L68-L76
fm4d/PyMarkovTextGenerator,4,https://github.com/fm4d/PyMarkovTextGenerator/blob/4a7e8e2cfe14c9745aba6b9df7d7b402a9029a37/markov.py#L170-L192
fossasia/knittingpattern,1,https://github.com/fossasia/knittingpattern/blob/8e608896b0ab82fea1ca9fbfa2b4ee023d8c8027/knittingpattern/convert/SVGBuilder.py#L129-L146
foxx/peewee-extras,2,https://github.com/foxx/peewee-extras/blob/327e7e63465b3f6e1afc0e6a651f4cb5c8c60889/old/old.py#L28-L35
frascoweb/easywebassets,1,https://github.com/frascoweb/easywebassets/blob/02f84376067c827c84fc1773895bb2784e033949/easywebassets/package.py#L80-L94
freelancer/freelancer-sdk-python,1,https://github.com/freelancer/freelancer-sdk-python/blob/e09034936d6f13b3909a9464ee329c81c1834941/freelancersdk/resources/messages/messages.py#L50-L71
frictionlessdata/datapackage-py,6,https://github.com/frictionlessdata/datapackage-py/blob/aca085ea54541b087140b58a81332f8728baeeb2/datapackage/pushpull.py#L202-L229
fukuball/fuku-ml,1,https://github.com/fukuball/fuku-ml/blob/0da15ad7af76adf344b5a6b3f3dbabbbab3446b0/FukuML/L2RLogisticRegression.py#L136-L148
funilrys/PyFunceble,17,https://github.com/funilrys/PyFunceble/blob/cdf69cbde120199171f7158e1c33635753e6e2f5/PyFunceble/mining.py#L376-L394
futapi/fut,2,https://github.com/futapi/fut/blob/3792c9eee8f5884f38a02210e649c46c6c7a756d/fut/EAHashingAlgorithm.py#L26-L36
fy0/slim,2,https://github.com/fy0/slim/blob/9951a910750888dbe7dd3e98acae9c40efae0689/slim/base/sqlquery.py#L186-L208
gamechanger/dusty,16,https://github.com/gamechanger/dusty/blob/dc12de90bb6945023d6f43a8071e984313a1d984/dusty/compiler/spec_assembler.py#L42-L48
gaqzi/py-gocd,2,https://github.com/gaqzi/py-gocd/blob/6fe5b62dea51e665c11a343aba5fc98e130c5c63/gocd/api/pipeline.py#L208-L252
gawel/panoramisk,5,https://github.com/gawel/panoramisk/blob/2ccb5d18be28a8e8f444dc0cd3a3bfb59aa19a8e/panoramisk/utils.py#L57-L88
gears/gears,8,https://github.com/gears/gears/blob/5729c2525a8c04c185e998bd9a86233708972921/gears/asset_attributes.py#L73-L84
genialis/genesis-pyapi,10,https://github.com/genialis/genesis-pyapi/blob/dfe9bcc8b332a8b9873db4ab9994b0cc10eb209a/genesis/data.py#L72-L90
geopython/OWSLib,10,https://github.com/geopython/OWSLib/blob/96d47842401a129f1e86fa9f66dccef5a5a6872c/owslib/feature/wfs300.py#L147-L166
georgemarshall/django-cryptography,1,https://github.com/georgemarshall/django-cryptography/blob/4c5f60fec98bcf71495d6084f801ea9c01c9a725/django_cryptography/utils/version.py#L6-L29
getgauge/gauge-python,5,https://github.com/getgauge/gauge-python/blob/90f3547dcfd2d16d51f116cdd4e53527eeab1a57/getgauge/parser_parso.py#L140-L164
ghcollin/multitables,2,https://github.com/ghcollin/multitables/blob/9654a45800289a20e66d2b0e0666149f0d370f93/multitables.py#L107-L115
gholt/swiftly,23,https://github.com/gholt/swiftly/blob/5bcc1c65323b1caf1f85adbefd9fc4988c072149/swiftly/client/client.py#L263-L288
giffels/CloudStackAIO,1,https://github.com/giffels/CloudStackAIO/blob/f9df856622eb8966a6816f8008cc16d75b0067e5/CloudStackAIO/CloudStack.py#L223-L238
glottobank/python-newick,7,https://github.com/glottobank/python-newick/blob/e8d4d1e4610f271d0f0e5cb86c0e0360b43bd702/src/newick.py#L451-L473
gmr/tornado-elasticsearch,1,https://github.com/gmr/tornado-elasticsearch/blob/fafe0de680277ce6faceb7449ded0b33822438d0/tornado_elasticsearch.py#L288-L313
gnosis/gnosis-py,7,https://github.com/gnosis/gnosis-py/blob/2a9a5d75a375fc9813ac04df133e6910c82f9d49/gnosis/safe/safe_creation_tx.py#L290-L300
google/brotli,15,https://github.com/google/brotli/blob/4b2b2d4f83ffeaac7708e44409fe34896a01a278/research/brotlidump.py#L1376-L1383
google/gin-config,8,https://github.com/google/gin-config/blob/17a170e0a6711005d1c78e67cf493dc44674d44f/gin/config_parser.py#L440-L452
google/grumpy,14,https://github.com/google/grumpy/blob/3ec87959189cfcdeae82eb68a47648ac25ceb10b/third_party/pythonparser/__init__.py#L5-L33
google/pybadges,4,https://github.com/google/pybadges/blob/d42c8080adb21b81123ac9540c53127ed2fa1edc/pybadges/precalculate_text.py#L87-L105
goose3/goose3,5,https://github.com/goose3/goose3/blob/e6994b1b1826af2720a091d1bff5ca15594f558d/goose3/extractors/title.py#L79-L106
grampajoe/happy,4,https://github.com/grampajoe/happy/blob/707e056eb033ea010d181f5fab8d44e129ea9906/happy/cli.py#L14-L29
greenbender/pynntp,16,https://github.com/greenbender/pynntp/blob/991a76331cdf5d8f9dbf5b18f6e29adc80749a2f/nntp/nntp.py#L548-L565
gtaylor/python-route53,12,https://github.com/gtaylor/python-route53/blob/b9fc7e258a79551c9ed61e4a71668b7f06f9e774/route53/connection.py#L34-L51
gunyarakun/python-shogi,2,https://github.com/gunyarakun/python-shogi/blob/137fe5f5e72251e8a97a1dba4a9b44b7c3c79914/shogi/Move.py#L48-L61
h2non/pook,6,https://github.com/h2non/pook/blob/e64094e41e4d89d98d2d29af7608ef27dc50cf19/pook/engine.py#L84-L104
h2oai/h2o-3,82,https://github.com/h2oai/h2o-3/blob/dd62aaa1e7f680a8b16ee14bc66b0fb5195c2ad8/h2o-py/h2o/estimators/estimator_base.py#L79-L86
hadim/pygraphml,2,https://github.com/hadim/pygraphml/blob/dce007bd7f078427c73a2a1d6f4b834af1b4dc03/pygraphml/graphml_parser.py#L82-L123
has2k1/mizani,1,https://github.com/has2k1/mizani/blob/312d0550ee0136fd1b0384829b33f3b2065f47c8/mizani/transforms.py#L393-L420
hdima/erlport,1,https://github.com/hdima/erlport/blob/246b7722d62b87b48be66d9a871509a537728962/priv/python3/erlport/erlproto.py#L97-L113
hiposfer/o2g,4,https://github.com/hiposfer/o2g/blob/1165ba75a5eb64b3091e9b71ebd589507ae1ebf3/o2g/osm/handlers/node_handler.py#L15-L20
hirmeos/entity-fishing-client-python,5,https://github.com/hirmeos/entity-fishing-client-python/blob/cd5c6e10c6c4e653669e11d735d5773766986bda/nerd/nerd_client.py#L278-L318
hishnash/channelsmultiplexer,2,https://github.com/hishnash/channelsmultiplexer/blob/3fa08bf56def990b3513d25e403f85357487b373/channelsmultiplexer/demultiplexer.py#L111-L133
hivetech/dna,8,https://github.com/hivetech/dna/blob/50ad00031be29765b2576fa407d35a36e0608de9/python/dna/apy/utils.py#L15-L23
hobson/aima,8,https://github.com/hobson/aima/blob/3572b2fb92039b4a1abe384be8545560fbd3d470/aima/agents.py#L157-L170
hobson/pug,1,https://github.com/hobson/pug/blob/f183e2b29e0b3efa425a9b75cfe001b28a279acc/pug/setup_util.py#L16-L25
honzajavorek/danube-delta,1,https://github.com/honzajavorek/danube-delta/blob/d0a72f0704d52b888e7fb2b68c4fdc696d370018/danube_delta/cli/write.py#L12-L44
horazont/aiosasl,3,https://github.com/horazont/aiosasl/blob/af58bf30f688757e58af6e87892d35a8ce798482/aiosasl/__init__.py#L512-L526
hotdogee/gff3-py,1,https://github.com/hotdogee/gff3-py/blob/d239bc9ed1eb7014c174f5fbed754f0f02d6e1b9/gff3/gff3.py#L203-L220
howie6879/ruia,6,https://github.com/howie6879/ruia/blob/2dc5262fc9c3e902a8faa7d5fa2f046f9d9ee1fa/ruia/spider.py#L446-L454
hustlzp/Flask-Boost,3,https://github.com/hustlzp/Flask-Boost/blob/d0308408ebb248dd752b77123b845f8ec637fab2/flask_boost/cli.py#L213-L237
hydrosquall/tiingo-python,1,https://github.com/hydrosquall/tiingo-python/blob/9bb98ca9d24f2e4db651cf0590e4b47184546482/tiingo/api.py#L101-L116
ibm-watson-iot/iot-python,39,https://github.com/ibm-watson-iot/iot-python/blob/195f05adce3fba4ec997017e41e02ebd85c0c4cc/tmp/src/things/things.py#L668-L688
idlesign/django-etc,4,https://github.com/idlesign/django-etc/blob/dbfc7e9dfc4fdfe69547f71ba4921989f9e97dbe/etc/toolbox.py#L190-L214
idlesign/django-sitetree,14,https://github.com/idlesign/django-sitetree/blob/61de4608e6e415247c75fe8691027d7c4ed0d1e7/sitetree/sitetreeapp.py#L1024-L1053
ihgazni2/elist,30,https://github.com/ihgazni2/elist/blob/8c07b5029bda34ead60ce10335ceb145f209263c/elist/elist.py#L2632-L2662
incuna/django-pgcrypto-fields,4,https://github.com/incuna/django-pgcrypto-fields/blob/406fddf0cbe9091ba71b97206d0f4719c0450ac1/pgcrypto/mixins.py#L50-L56
incuna/django-user-management,6,https://github.com/incuna/django-user-management/blob/6784e33191d4eff624d2cf2df9ca01db4f23c9c6/user_management/models/admin_forms.py#L33-L43
ingolemo/python-lenses,8,https://github.com/ingolemo/python-lenses/blob/a3a6ed0a31f6674451e542e7380a8aa16e6f8edf/examples/robots.py#L81-L111
innodatalabs/lxmlx,7,https://github.com/innodatalabs/lxmlx/blob/d0514f62127e51378be4e0c8cea2622c9786f99f/lxmlx/event.py#L32-L59
inspirehep/harvesting-kit,22,https://github.com/inspirehep/harvesting-kit/blob/33a7f8aa9dade1d863110c6d8b27dfd955cb471f/harvestingkit/inspire_cds_package/from_inspire.py#L499-L515
instagrambot/instabot,1,https://github.com/instagrambot/instabot/blob/d734f892ac4cc35d22746a4f2680425ffaff0927/instabot/bot/bot_like.py#L117-L121
intel-analytics/BigDL,16,https://github.com/intel-analytics/BigDL/blob/e9c19788285986ab789a2e2998f9a85d7524779f/pyspark/bigdl/nn/keras/layer.py#L50-L57
inveniosoftware-contrib/invenio-groups,5,https://github.com/inveniosoftware-contrib/invenio-groups/blob/109481d6b02701db00b72223dd4a65e167c589a6/invenio_groups/views.py#L196-L218
inveniosoftware/invenio-migrator,23,https://github.com/inveniosoftware/invenio-migrator/blob/6902c6968a39b747d15e32363f43b7dffe2622c2/invenio_migrator/legacy/deposit.py#L54-L96
inveniosoftware/invenio-records-ui,3,https://github.com/inveniosoftware/invenio-records-ui/blob/ae92367978f2e1e96634685bd296f0fd92b4da54/invenio_records_ui/ext.py#L29-L38
ioam/lancet,4,https://github.com/ioam/lancet/blob/1fbbf88fa0e8974ff9ed462e3cb11722ddebdd6e/lancet/launch.py#L1063-L1077
ioam/parambokeh,2,https://github.com/ioam/parambokeh/blob/fb9744f216273c7b24e65d037b1d621c08d7fde6/parambokeh/__init__.py#L458-L462
ionelmc/python-tblib,4,https://github.com/ionelmc/python-tblib/blob/00be69aa97e1eb1c09282b1cdb72539c947d4515/src/tblib/__init__.py#L141-L160
iotaledger/iota.lib.py,8,https://github.com/iotaledger/iota.lib.py/blob/97cdd1e241498446b46157b79b2a1ea2ec6d387a/iota/crypto/signing.py#L191-L219
iotile/typedargs,12,https://github.com/iotile/typedargs/blob/0a5091a664b9b4d836e091e9ba583e944f438fd8/typedargs/metadata.py#L197-L212
isambard-uob/budeff,2,https://github.com/isambard-uob/budeff/blob/8be099b7e50d4855ad3cc4aa875938da2c9449e6/src/budeff/__init__.py#L50-L77
its-rigs/Trolly,12,https://github.com/its-rigs/Trolly/blob/483dc94c352df40dc05ead31820b059b2545cf82/trolly/organisation.py#L78-L90
jab/bidict,4,https://github.com/jab/bidict/blob/1a1ba9758651aed9c4f58384eff006d2e2ad6835/bidict/_orderedbase.py#L169-L187
jaraco/jaraco.classes,4,https://github.com/jaraco/jaraco.classes/blob/6347957478d589101a0774464d8d282520c2c990/jaraco/classes/ancestry.py#L30-L75
jaraco/jaraco.itertools,5,https://github.com/jaraco/jaraco.itertools/blob/0dc47c8924fa3d9ab676c3a6e195f03f728b72c6/jaraco/itertools.py#L803-L812
jaraco/jaraco.util,3,https://github.com/jaraco/jaraco.util/blob/f21071c64f165a5cf844db15e39356e1a47f4b02/jaraco/util/subprocess.py#L17-L52
jaraco/svg.charts,11,https://github.com/jaraco/svg.charts/blob/23053497b3f1af4e760f355050107ae3bc05909d/svg/charts/plot.py#L195-L200
jayclassless/tidypy,1,https://github.com/jayclassless/tidypy/blob/3c3497ca377fbbe937103b77b02b326c860c748f/src/tidypy/core.py#L158-L187
jazzband/django-ddp,12,https://github.com/jazzband/django-ddp/blob/1e1954b06fe140346acea43582515991685e4e01/dddp/accounts/ddp.py#L561-L570
jazzband/django-mongonaut,1,https://github.com/jazzband/django-mongonaut/blob/5485b2e029dff8ae267a4cb39c92d0a72cb5b144/mongonaut/forms/widgets.py#L48-L55
jedp/python-redis-log,1,https://github.com/jedp/python-redis-log/blob/3fc81a43423adf289a7ec985f282a8a40341fc87/redislog/logger.py#L15-L50
jerith/txfake,1,https://github.com/jerith/txfake/blob/5c1cda2b9a56458c254d0d9476b6c426d57f5757/txfake/fake_connection.py#L220-L228
jfinkels/birkhoff,1,https://github.com/jfinkels/birkhoff/blob/86fff692c9cfb7217e51e25868230f4e0b53caa0/make-release.py#L73-L106
jgorset/django-kronos,2,https://github.com/jgorset/django-kronos/blob/82ca16f5d499de3d34e0677e64ffab62d45424ce/kronos/__init__.py#L142-L150
jhermann/rituals,1,https://github.com/jhermann/rituals/blob/1534f50d81e19bbbe799e2eba0acdefbce047c06/src/rituals/util/shell.py#L32-L44
jic-dtool/dtool-azure,1,https://github.com/jic-dtool/dtool-azure/blob/5f5f1faa040e047e619380faf437a74cdfa09737/dtool_azure/storagebroker.py#L440-L469
jic-dtool/dtool-create,1,https://github.com/jic-dtool/dtool-create/blob/12172363d14eaedba2db4c452ef995b14f1b630d/dtool_create/dataset.py#L235-L261
jic-dtool/dtool-s3,1,https://github.com/jic-dtool/dtool-s3/blob/b92aca9b557797bb99390463982521a557a2e704/dtool_s3/storagebroker.py#L330-L344
jjangsangy/py-translate,6,https://github.com/jjangsangy/py-translate/blob/fe6279b2ee353f42ce73333ffae104e646311956/translate/languages.py#L12-L32
joeblackwaslike/pricing,3,https://github.com/joeblackwaslike/pricing/blob/be988b0851b4313af81f1db475bc33248700e39c/pricing/price.py#L36-L43
joelfrederico/SciSalt,6,https://github.com/joelfrederico/SciSalt/blob/7bf57c49c7dde0a8b0aa337fbd2fbd527ce7a67f/scisalt/PWFA/ions2d.py#L73-L77
jonfaustman/django-frontend,1,https://github.com/jonfaustman/django-frontend/blob/897934d593fade0eb1998f8fadd18c91a89e5b9a/djfrontend/templatetags/djfrontend.py#L240-L253
joopert/nad_receiver,7,https://github.com/joopert/nad_receiver/blob/416de0173a330c75cc73f9c90b0c5df32e5e0ba3/nad_receiver/__init__.py#L239-L243
josiahcarlson/rom,8,https://github.com/josiahcarlson/rom/blob/8b5607a856341df85df33422accc30ba9294dbdb/rom/model.py#L475-L502
jpweiser/cuts,1,https://github.com/jpweiser/cuts/blob/5baf7f2e145045942ee8dcaccbc47f8f821fcb56/cuts/cutter.py#L84-L118
jrfonseca/xdot.py,1,https://github.com/jrfonseca/xdot.py/blob/6248c81c21a0fe825089311b17f2c302eea614a2/xdot/ui/elements.py#L55-L58
jrxFive/python-nomad,7,https://github.com/jrxFive/python-nomad/blob/37df37e4de21e6f8ac41c6154e7f1f44f1800020/nomad/api/client.py#L43-L59
jshiv/turntable,4,https://github.com/jshiv/turntable/blob/c095a93df14d672ba54db164a7ab7373444d1829/turntable/utils.py#L58-L79
juga0/dhcpcanon,9,https://github.com/juga0/dhcpcanon/blob/9f51a29e57fe93dc93fb22bb0ed12fcfe9557e59/dhcpcanon/dhcpcapfsm.py#L464-L484
jupyter-widgets/jupyterlab-sidecar,4,https://github.com/jupyter-widgets/jupyterlab-sidecar/blob/8889d09f1a0933e2cbee06d4874f720b075b29e8/setupbase.py#L208-L216
justanr/flask-allows,2,https://github.com/justanr/flask-allows/blob/39fa5c8692836a33646ea43b4081e7c2181ec7c4/src/flask_allows/allows.py#L124-L153
kadrlica/pymodeler,5,https://github.com/kadrlica/pymodeler/blob/f426c01416fd4b8fc3afeeb6d3b5d1cb0cb8f8e3/pymodeler/model.py#L335-L355
karimbahgat/PyCRS,6,https://github.com/karimbahgat/PyCRS/blob/d6a8bb9c28787a25b4a1d59a7e4603db3221eaef/pycrs/elements/cs.py#L90-L94
katerina7479/pypdflite,10,https://github.com/katerina7479/pypdflite/blob/ac2501f30d6619eae9dea5644717575ca9263d0a/pypdflite/session.py#L53-L62
keflavich/plfit,3,https://github.com/keflavich/plfit/blob/7dafa6302b427ba8c89651148e3e9d29add436c3/plfit/plfit.py#L1015-L1045
kejbaly2/comdev,3,https://github.com/kejbaly2/comdev/blob/5a9067d3c1ae46eeccb9d36e8c231ea5224b42b4/comdev/google_api.py#L184-L205
kgiusti/pyngus,7,https://github.com/kgiusti/pyngus/blob/5392392046989f1bb84ba938c30e4d48311075f1/examples/utils.py#L33-L42
kisom/pypcapfile,6,https://github.com/kisom/pypcapfile/blob/67520cfbb6c2e9ab3e7c181a8012ddc56ec5cad8/pcapfile/protocols/linklayer/wifi.py#L1543-L1567
kmmbvnr/django-any,7,https://github.com/kmmbvnr/django-any/blob/6f64ebd05476e2149e2e71deeefbb10f8edfc412/django_any/models.py#L311-L322
knipknap/SpiffWorkflow,3,https://github.com/knipknap/SpiffWorkflow/blob/f0af7f59a332e0619e4f3c00a7d4a3d230760e00/SpiffWorkflow/bpmn/serializer/Packager.py#L339-L360
koalalorenzo/python-digitalocean,8,https://github.com/koalalorenzo/python-digitalocean/blob/d0221b57856fb1e131cafecf99d826f7b07a947c/digitalocean/baseapi.py#L118-L141
koenedaele/skosprovider,7,https://github.com/koenedaele/skosprovider/blob/7304a37953978ca8227febc2d3cc2b2be178f215/skosprovider/uri.py#L115-L128
kolypto/py-smsframework,7,https://github.com/kolypto/py-smsframework/blob/4f3d812711f5e2e037dc80c4014c815fe2d68a0b/smsframework/providers/forward/provider.py#L107-L141
kurtbrose/sampro,2,https://github.com/kurtbrose/sampro/blob/368aa0cd1a3683d12483925c4e97d225f40c8d36/sampro/sampro.py#L122-L141
labstreaminglayer/liblsl-Python,4,https://github.com/labstreaminglayer/liblsl-Python/blob/1ff6fe2794f8dba286b7491d1f7a4c915b8a0605/pylsl/pylsl.py#L1003-L1008
lambdalisue/django-codemirror-widget,1,https://github.com/lambdalisue/django-codemirror-widget/blob/e795ade2c0c18b462e729feafa616a3047998b4b/codemirror/widgets.py#L162-L171
laplacesdemon/django-youtube,5,https://github.com/laplacesdemon/django-youtube/blob/8051ef372473eccb053f773c68e2e5e1b2cfb538/django_youtube/api.py#L108-L127
larsyencken/proj,1,https://github.com/larsyencken/proj/blob/44fd72aeb9bbf72046d81c4e9e4306a23335dc0a/proj/__init__.py#L145-L161
lcharleux/argiope,10,https://github.com/lcharleux/argiope/blob/8170e431362dc760589f7d141090fd133dece259/argiope/mesh.py#L290-L297
learningequality/morango,3,https://github.com/learningequality/morango/blob/c3ec2554b026f65ac5f0fc5c9d439277fbac14f9/morango/api/permissions.py#L15-L43
lensacom/sparkit-learn,7,https://github.com/lensacom/sparkit-learn/blob/0498502107c1f7dcf33cda0cdb6f5ba4b42524b7/splearn/feature_extraction/text.py#L169-L197
leovp/steamfiles,3,https://github.com/leovp/steamfiles/blob/e2264d09d128aecb838c4d310d7ea11e28c6597e/steamfiles/manifest.py#L46-L78
lepture/flask-oauthlib,17,https://github.com/lepture/flask-oauthlib/blob/9e6f152a5bb360e7496210da21561c3e6d41b0e1/flask_oauthlib/provider/oauth2.py#L1006-L1022
lesscpy/lesscpy,9,https://github.com/lesscpy/lesscpy/blob/51e392fb4a3cd4ccfb6175e0e42ce7d2f6b78126/lesscpy/lessc/scope.py#L174-L199
librosa/librosa,15,https://github.com/librosa/librosa/blob/180e8e6eb8f958fa6b20b8cba389f7945d508247/librosa/filters.py#L362-L387
limix/glimix-core,1,https://github.com/limix/glimix-core/blob/cddd0994591d100499cc41c1f480ddd575e7a980/glimix_core/_ep/posterior_linear_kernel.py#L65-L88
lincolnloop/goodconf,1,https://github.com/lincolnloop/goodconf/blob/19515da5783f86b9516dbf81531107c2d9eae567/goodconf/contrib/argparse.py#L5-L14
linkedin/naarad,4,https://github.com/linkedin/naarad/blob/261e2c0760fd6a6b0ee59064180bd8e3674311fe/src/naarad/utils.py#L619-L651
litl/leeroy,1,https://github.com/litl/leeroy/blob/ab6565a3b63e9103d8c011d9c62a9c0ad589b051/leeroy/github.py#L251-L262
lkreidberg/batman,3,https://github.com/lkreidberg/batman/blob/77f3275c12a01ef5b7a89b1aeb6272a7c28452a1/batman/transitmodel.py#L284-L289
lmjohns3/theanets,10,https://github.com/lmjohns3/theanets/blob/79db9f878ef2071f2f576a1cf5d43a752a55894a/theanets/layers/base.py#L340-L368
loanzen/probe-py,2,https://github.com/loanzen/probe-py/blob/b5dbb0dba26c9b451e9bf1dec9e1aaa7f42d75a5/probe/models/financial_data_status_datastatus.py#L96-L114
loverajoel/sqlalchemy-elasticquery,3,https://github.com/loverajoel/sqlalchemy-elasticquery/blob/4c99b81f59e7bb20eaeedb3adbf5126e62bbc25c/sqlalchemy_elasticquery/elastic_query.py#L95-L111
lsst-sqre/lsst-projectmeta-kit,6,https://github.com/lsst-sqre/lsst-projectmeta-kit/blob/ac8d4ff65bb93d8fdeb1b46ae6eb5d7414f1ae14/lsstprojectmeta/tex/lsstdoc.py#L425-L446
lvh/txampext,7,https://github.com/lvh/txampext/blob/a7d6cb9f1e9200dba597378cd40eb6a2096d4fd9/txampext/errors.py#L12-L20
macacajs/wd.py,1,https://github.com/macacajs/wd.py/blob/6d3c52060013e01a67cd52b68b5230b387427bad/macaca/webelement.py#L517-L548
madprime/vcf2clinvar,1,https://github.com/madprime/vcf2clinvar/blob/d5bbf6df2902c6cabe9ef1894cfac527e90fa32a/vcf2clinvar/common.py#L78-L84
makearl/tornado-profile,1,https://github.com/makearl/tornado-profile/blob/1b721480d7edc6229f991469e88b9f7a8bb914f3/tornado_profile.py#L42-L68
makeev/django-boolean-switch,1,https://github.com/makeev/django-boolean-switch/blob/ed740dbb56d0bb1ad20d4b1e124055283b0e932f/boolean_switch/views.py#L9-L37
maralla/bmd,4,https://github.com/maralla/bmd/blob/bbf87dc01de9a363ae5031e22a5ccc50d506f78a/bmd/bmd.py#L61-L85
mariano/pyfire,3,https://github.com/mariano/pyfire/blob/42e3490c138abc8e10f2e9f8f8f3b40240a80412/pyfire/stream.py#L235-L253
marionette-tg/marionette,5,https://github.com/marionette-tg/marionette/blob/bb40a334a18c82728eec01c9b56330bcb91a28da/marionette_tg/dsl.py#L249-L259
marl/jams,9,https://github.com/marl/jams/blob/b16778399b9528efbd71434842a079f7691a7a66/jams/core.py#L1674-L1712
marrabld/planarradpy,8,https://github.com/marrabld/planarradpy/blob/5095d1cb98d4f67a7c3108c9282f2d59253e89a8/libplanarradpy/planrad.py#L929-L934
marrow/web.db,2,https://github.com/marrow/web.db/blob/c755fbff7028a5edc223d6a631b8421858274fc4/web/ext/db.py#L52-L57
marshmallow-code/marshmallow-sqlalchemy,2,https://github.com/marshmallow-code/marshmallow-sqlalchemy/blob/afe3a9ebd886791b662607499c180d2baaeaf617/src/marshmallow_sqlalchemy/schema.py#L54-L66
matthewdeanmartin/find_known_secrets,1,https://github.com/matthewdeanmartin/find_known_secrets/blob/f25735c1ab4512bad85ade33af7021f6fac1d13b/find_known_secrets/main.py#L40-L57
maxcountryman/flask-uploads,3,https://github.com/maxcountryman/flask-uploads/blob/dc24fa0c53d605876e5b4502cadffdf1a4345b1d/flask_uploads.py#L433-L452
mcs07/MolVS,4,https://github.com/mcs07/MolVS/blob/d815fe52d160abcecbcbf117e6437bf727dbd8ad/molvs/standardize.py#L78-L99
mdgoldberg/sportsref,41,https://github.com/mdgoldberg/sportsref/blob/09f11ac856a23c96d666d1d510bb35d6f050b5c3/sportsref/nba/players.py#L175-L177
memsql/memsql-python,10,https://github.com/memsql/memsql-python/blob/aac223a1b937d5b348b42af3c601a6c685ca633a/memsql/common/connection_pool.py#L134-L147
mental32/spotify.py,11,https://github.com/mental32/spotify.py/blob/bb296cac7c3dd289908906b7069bd80f43950515/spotify/client.py#L126-L140
mesos-magellan/pyrallelsa,1,https://github.com/mesos-magellan/pyrallelsa/blob/bbdeefd0c7ea4fd9a2e29624bf1b21e3da039cb1/pyrallelsa/examples/tsp/__init__.py#L95-L106
midasplatform/pydas,1,https://github.com/midasplatform/pydas/blob/e5f9e96e754fb2dc5da187b05e4abc77a9b2affd/pydas/api.py#L525-L548
mikeshultz/rawl,1,https://github.com/mikeshultz/rawl/blob/818ebeabba5e051627d444c4849fde55947f94be/rawl/__init__.py#L371-L387
mikewaters/command-session,1,https://github.com/mikewaters/command-session/blob/cea0d81a56551530f52f1cf3780c0ac408e069ef/commandsession/commandsession.py#L148-L154
minttu/tmc.py,3,https://github.com/minttu/tmc.py/blob/212cfe1791a4aab4783f99b665cc32da6437f419/tmc/ui/prompt.py#L1-L8
mk-fg/python-onedrive,2,https://github.com/mk-fg/python-onedrive/blob/74d3f6605b0e8a9031a2aab8092f551293ffb533/onedrive/api_v5.py#L651-L679
mohan3d/PyOpenload,5,https://github.com/mohan3d/PyOpenload/blob/7f9353915ca5546926ef07be9395c6de60e761b1/openload/openload.py#L31-L55
mon/kbinxml,1,https://github.com/mon/kbinxml/blob/ca4a6e309ec458dd359f1bf25f91a4443758365a/kbinxml/kbinxml.py#L106-L126
mopidy/mopidy-spotify,2,https://github.com/mopidy/mopidy-spotify/blob/77a293088e63a7b4b77bf9409ce57cb14048d18c/mopidy_spotify/web.py#L196-L210
mordred-descriptor/mordred,5,https://github.com/mordred-descriptor/mordred/blob/2848b088fd7b6735590242b5e22573babc724f10/mordred/_base/calculator.py#L364-L382
mozilla-iot/webthing-python,15,https://github.com/mozilla-iot/webthing-python/blob/65d467c89ed79d0bbc42b8b3c8f9e5a320edd237/webthing/server.py#L343-L361
mozilla-services/sign-xpi-lib,2,https://github.com/mozilla-services/sign-xpi-lib/blob/bc6860b555fd26de9204f8d17289903e4fb9f106/sign_xpi_lib/sign_xpi_lib.py#L46-L66
mrtazz/notifo.py,4,https://github.com/mrtazz/notifo.py/blob/26079db3b40c26661155af20a9f16a0eca06dbde/notifo/notifo.py#L74-L102
mseclab/PyJFuzz,19,https://github.com/mseclab/PyJFuzz/blob/f777067076f62c9ab74ffea6e90fd54402b7a1b4/pyjfuzz/core/pjf_mutators.py#L142-L146
mshroyer/pointfree,8,https://github.com/mshroyer/pointfree/blob/a25ecb3f0cd583e0730ecdde83018e5089711854/pointfree.py#L595-L629
mwgielen/jackal,8,https://github.com/mwgielen/jackal/blob/7fe62732eb5194b7246215d5277fb37c398097bf/jackal/scripts/named_pipes.py#L50-L67
mwhooker/jsonselect,2,https://github.com/mwhooker/jsonselect/blob/c64aa9ea930de0344797ff87b04c753c8fc096a6/jsonselect/jsonselect.py#L386-L430
mwickert/scikit-dsp-comm,9,https://github.com/mwickert/scikit-dsp-comm/blob/5c1353412a4d81a8d7da169057564ecf940f8b5b/sk_dsp_comm/fir_design_helper.py#L353-L371
myint/autoflake,10,https://github.com/myint/autoflake/blob/68fea68646922b920d55975f9f2adaeafd84df4f/autoflake.py#L456-L476
napalm-automation/napalm-yang,2,https://github.com/napalm-automation/napalm-yang/blob/998e8a933171d010b8544bcc5dc448e2b68051e2/napalm_yang/jinja_filters/helpers.py#L4-L25
nathancahill/mimicdb,4,https://github.com/nathancahill/mimicdb/blob/9d0e8ebcba31d937f73752f9b88e5a4fec860765/mimicdb/s3/bucket.py#L26-L36
nats-io/asyncio-nats,3,https://github.com/nats-io/asyncio-nats/blob/39e840be0b12ce326edac0bba69aeb1be930dcb8/nats/aio/client.py#L1010-L1032
ncolony/ncolony,3,https://github.com/ncolony/ncolony/blob/6ac71bda1de6706fb34244ae4972e36db5f062d3/ncolony/client/heart.py#L57-L69
ndokter/dsmr_parser,3,https://github.com/ndokter/dsmr_parser/blob/c04b0a5add58ce70153eede1a87ca171876b61c7/dsmr_parser/clients/protocol.py#L49-L55
ndrlslz/ternya,8,https://github.com/ndrlslz/ternya/blob/c05aec10029e645d63ff04313dbcf2644743481f/ternya/annotation.py#L227-L253
neherlab/treetime,18,https://github.com/neherlab/treetime/blob/f6cdb58d19243a18ffdaa2b2ec71872fa00e65c0/treetime/treeanc.py#L771-L782
neithere/argh,6,https://github.com/neithere/argh/blob/dcd3253f2994400a6a58a700c118c53765bc50a4/argh/assembling.py#L120-L149
nephics/mat4py,1,https://github.com/nephics/mat4py/blob/6c1a2ad903937437cc5f24f3c3f5aa2c5a77a1c1/mat4py/loadmat.py#L146-L167
nerox8664/pytorch2keras,3,https://github.com/nerox8664/pytorch2keras/blob/750eaf747323580e6732d0c5ba9f2f39cb096764/pytorch2keras/upsampling_layers.py#L45-L78
nesdis/djongo,3,https://github.com/nesdis/djongo/blob/7f9d79455cf030cb5eee0b822502c50a0d9d3abb/djongo/base.py#L199-L203
netom/satispy,4,https://github.com/netom/satispy/blob/0201a7bffd9070441b9e82187348d61c53922b6b/satispy/cnf.py#L128-L156
neurodata/ndio,17,https://github.com/neurodata/ndio/blob/792dd5816bc770b05a3db2f4327da42ff6253531/ndio/remote/data.py#L447-L470
neurosynth/neurosynth,14,https://github.com/neurosynth/neurosynth/blob/948ce7edce15d7df693446e76834e0c23bfe8f11/neurosynth/analysis/cluster.py#L63-L69
nicfit/nicfit.py,6,https://github.com/nicfit/nicfit.py/blob/8313f8edbc5e7361ddad496d6d818324b5236c7a/nicfit/command.py#L118-L135
nickw444/flask-ldap3-login,5,https://github.com/nickw444/flask-ldap3-login/blob/3cf0faff52d0e04d4813119a2ba36d706e6fb31f/flask_ldap3_login/__init__.py#L174-L189
nickw444/nessclient,3,https://github.com/nickw444/nessclient/blob/9a2e3d450448312f56e708b8c7adeaef878cc28a/nessclient/packet.py#L186-L205
nicolargo/pymdstat,3,https://github.com/nicolargo/pymdstat/blob/97fd47117e687463205fb562269feb9f95d59620/pymdstat/pymdstat.py#L168-L184
ninjaaron/libaaron,7,https://github.com/ninjaaron/libaaron/blob/a2ee417b784ca72c89c05bddb2e3e815a6b95154/libaaron/libaaron.py#L242-L246
nir0s/ghost,3,https://github.com/nir0s/ghost/blob/77da967a4577ca4cf100cfe34e87b39ad88bf21c/ghost.py#L361-L395
nirum/descent,17,https://github.com/nirum/descent/blob/074c8452f15a0da638668a4fe139fde06ccfae7f/descent/objectives.py#L119-L127
nkgilley/python-ecobee-api,4,https://github.com/nkgilley/python-ecobee-api/blob/cc8d90d20abcb9ef5b66ec9cb035bae2f06ba174/pyecobee/__init__.py#L353-L367
not-na/peng3d,25,https://github.com/not-na/peng3d/blob/1151be665b26cc8a479f6307086ba919e4d32d85/peng3d/util/__init__.py#L228-L242
nprapps/copydoc,6,https://github.com/nprapps/copydoc/blob/e1ab09b287beb0439748c319cf165cbc06c66624/copydoc.py#L110-L116
nsqio/pynsq,2,https://github.com/nsqio/pynsq/blob/48bf62d65ea63cddaa401efb23187b95511dbc84/nsq/event.py#L44-L57
numenta/nupic,21,https://github.com/numenta/nupic/blob/5922fafffdccc8812e72b3324965ad2f7d4bbdad/src/nupic/encoders/adaptive_scalar.py#L98-L110
nvdv/vprof,16,https://github.com/nvdv/vprof/blob/4c3ff78f8920ab10cb9c00b14143452aa09ff6bb/vprof/flame_graph.py#L88-L101
oasis-open/cti-taxii-client,2,https://github.com/oasis-open/cti-taxii-client/blob/b4c037fb61d8b8892af34423e2c67c81218d6f8e/taxii2client/__init__.py#L902-L917
oceanprotocol/oceandb-elasticsearch-driver,3,https://github.com/oceanprotocol/oceandb-elasticsearch-driver/blob/11901e8396252b9dbb70fd48debcfa82f1dd1ff2/oceandb_elasticsearch_driver/plugin.py#L136-L170
ojarva/python-sshpubkeys,2,https://github.com/ojarva/python-sshpubkeys/blob/86dc1ab27ce82dcc091ce127416cc3ee219e9bec/sshpubkeys/keys.py#L324-L353
ojengwa/accounting,1,https://github.com/ojengwa/accounting/blob/6343cf373a5c57941e407a92c101ac4bc45382e3/accounting/accounting.py#L98-L113
omaciel/pytest-fauxfactory,1,https://github.com/omaciel/pytest-fauxfactory/blob/4365f521e7d8a6db00bdc9a02743467aa5bd1d72/setup.py#L9-L13
open-mmlab/mmcv,32,https://github.com/open-mmlab/mmcv/blob/0d77f61450aab4dde8b8585a577cc496acb95d7f/mmcv/image/transforms/geometry.py#L67-L83
open511/open511,8,https://github.com/open511/open511/blob/3d573f59d7efa06ff1b5419ea5ff4d90a90b3cf8/open511/converter/tmdd.py#L21-L41
openai/baselines,6,https://github.com/openai/baselines/blob/3301089b48c42b87b396e246ea3f56fa4bfc9678/baselines/common/models.py#L16-L27
opencast/pyCA,11,https://github.com/opencast/pyCA/blob/c89b168d4780d157e1b3f7676628c1b131956a88/pyca/config.py#L75-L97
opencobra/cobrapy,2,https://github.com/opencobra/cobrapy/blob/9d1987cdb3a395cf4125a3439c3b002ff2be2009/cobra/io/dict.py#L149-L184
openergy/oplus,13,https://github.com/openergy/oplus/blob/f095868d1990c1d126e906ada6acbab26348b3d3/oplus/epm/epm.py#L187-L195
openstack/quark,2,https://github.com/openstack/quark/blob/1112e6a66917d3e98e44cb7b33b107fd5a74bb2e/quark/plugin_views.py#L369-L394
openstax/cnx-publishing,4,https://github.com/openstax/cnx-publishing/blob/f55b4a2c45d8618737288f1b74b4139d5ac74154/cnxpublishing/db.py#L921-L928
openvax/mhctools,2,https://github.com/openvax/mhctools/blob/b329b4dccd60fae41296816b8cbfe15d6ca07e67/mhctools/parsing.py#L159-L188
openwisp/netjsonconfig,5,https://github.com/openwisp/netjsonconfig/blob/c23ce9732720856e2f6dc54060db71a8182c7d4b/netjsonconfig/backends/openwisp/openwisp.py#L42-L76
orangain/scrapy-s3pipeline,3,https://github.com/orangain/scrapy-s3pipeline/blob/6301a3a057da6407b04a09c717498026f88706a4/s3pipeline/pipelines.py#L70-L93
oscarbranson/latools,42,https://github.com/oscarbranson/latools/blob/cd25a650cfee318152f234d992708511f7047fbe/latools/filtering/clustering.py#L5-L33
osfclient/osfclient,2,https://github.com/osfclient/osfclient/blob/44b9a87e8c1ae6b63cdecd27a924af3fc2bf94cf/osfclient/models/core.py#L62-L73
ossobv/exactonline,8,https://github.com/ossobv/exactonline/blob/f6bee418a9cb1fcf3ef17347ea7ab0dd3b573fde/exactonline/elements/invoice.py#L69-L89
pelotoncycle/cycle_detector,2,https://github.com/pelotoncycle/cycle_detector/blob/a7c1a2e321e232de10f5862f6042471a3c60beb9/cycle_detector.py#L130-L181
penguinmenac3/opendatalake,3,https://github.com/penguinmenac3/opendatalake/blob/77c888377095e1812a16982c8efbd2f6b1697a33/opendatalake/detection/utils.py#L787-L801
peri-source/peri,9,https://github.com/peri-source/peri/blob/61beed5deaaf978ab31ed716e8470d86ba639867/peri/opt/addsubtract.py#L59-L82
peterjc/flake8-rst-docstrings,2,https://github.com/peterjc/flake8-rst-docstrings/blob/b8b17d0317fc6728d5586553ab29a7d97e6417fd/flake8_rst_docstrings.py#L265-L288
phfaist/pylatexenc,1,https://github.com/phfaist/pylatexenc/blob/0c1788d1349e749501e67a6fba54d79e6e0d54f6/pylatexenc/latex2text.py#L755-L762
philipsoutham/py-mysql2pgsql,1,https://github.com/philipsoutham/py-mysql2pgsql/blob/66dc2a3a3119263b3fe77300fb636346509787ef/mysql2pgsql/lib/postgres_db_writer.py#L196-L206
phoikoi/sisy,7,https://github.com/phoikoi/sisy/blob/840c5463ab65488d34e99531f230e61f755d2d69/src/sisy/models.py#L295-L311
piface/pifacecommon,3,https://github.com/piface/pifacecommon/blob/006bca14c18d43ba2d9eafaa84ef83b512c51cf6/pifacecommon/interrupts.py#L419-L434
pilosus/ForgeryPy3,8,https://github.com/pilosus/ForgeryPy3/blob/e15f2e59538deb4cbfceaac314f5ea897f2d5450/forgery_py/forgery/lorem_ipsum.py#L143-L165
pingali/dgit,11,https://github.com/pingali/dgit/blob/ecde01f40b98f0719dbcfb54452270ed2f86686d/dgitcore/datasets/auto.py#L280-L312
playpauseandstop/bootstrapper,1,https://github.com/playpauseandstop/bootstrapper/blob/b216a05f2acb0b9f4919c4e010ff7b0f63fc1393/bootstrapper.py#L431-L453
pltrdy/rouge,1,https://github.com/pltrdy/rouge/blob/7bf8a83af5ca5c1677b93620b4e1f85ffd63b377/rouge/rouge.py#L34-L50
pmacosta/peng,11,https://github.com/pmacosta/peng/blob/976935377adaa3de26fc5677aceb2cdfbd6f93a7/docs/support/ptypes.py#L72-L93
ponty/pyscreenshot,1,https://github.com/ponty/pyscreenshot/blob/51010195cbb5361dcd4b414ff132b87244c9e1cb/pyscreenshot/plugins/gdk3pixbuf.py#L33-L63
praekelt/django-analytics,6,https://github.com/praekelt/django-analytics/blob/29c22d03374ccc0ec451650e2c2886d324f6e5c6/analytics/views.py#L33-L41
praekeltfoundation/seed-control-interface,6,https://github.com/praekeltfoundation/seed-control-interface/blob/32ddad88b5bc2f8f4d80b848361899da2e081636/ci/utils.py#L162-L185
prashnts/revisions,2,https://github.com/prashnts/revisions/blob/a3c65d068e09e717df5389e924686da540da6f12/revisions/core.py#L30-L50
profitbricks/profitbricks-sdk-python,1,https://github.com/profitbricks/profitbricks-sdk-python/blob/2c804b141688eccb07d6ae56601d5c60a62abebd/examples/pb_importVM.py#L210-L221
pyblish/pyblish-maya,2,https://github.com/pyblish/pyblish-maya/blob/75db8b5d8de9d53ae95e74195a788b5f6db2cb5f/pyblish_maya/lib.py#L53-L72
pyca/pyopenssl,37,https://github.com/pyca/pyopenssl/blob/1fbe064c50fd030948141d7d630673761525b0d0/src/OpenSSL/SSL.py#L872-L890
pydanny/cookiecutter-django,1,https://github.com/pydanny/cookiecutter-django/blob/bb9b482e96d1966e20745eeea87a8aa10ed1c861/hooks/post_gen_project.py#L107-L129
pydron/anycall,4,https://github.com/pydron/anycall/blob/43add96660258a14b24aa8e8413dffb1741b72d7/anycall/connectionpool.py#L152-L178
python-useful-helpers/advanced-descriptors,5,https://github.com/python-useful-helpers/advanced-descriptors/blob/17ee4a35b3bfcb4adf4ed2f41e75c4c6b71cb003/advanced_descriptors/separate_class_method.py#L151-L160
python/performance,6,https://github.com/python/performance/blob/2a9524c0a5714e85106671bc61d750e800fe17db/performance/benchmarks/bm_nbody.py#L25-L32
pytorch/vision,9,https://github.com/pytorch/vision/blob/3afcf3cd49661c466c75ea536b0b2a7ff57f9a05/torchvision/transforms/transforms.py#L1064-L1089
quantopian/pgcontents,19,https://github.com/quantopian/pgcontents/blob/ed36268b7917332d16868208e1e565742a8753e1/pgcontents/checkpoints.py#L130-L135
quantopian/pyfolio,13,https://github.com/quantopian/pyfolio/blob/712716ab0cdebbec9fabb25eea3bf40e4354749d/pyfolio/risk.py#L45-L74
rabitt/pysox,2,https://github.com/rabitt/pysox/blob/eae89bde74567136ec3f723c3e6b369916d9b837/sox/transform.py#L2262-L2276
racitup/static-ranges,1,https://github.com/racitup/static-ranges/blob/a15c2e2bd6f643279ae046494b8714634dd380a4/static_ranges.py#L91-L107
rackerlabs/timid,9,https://github.com/rackerlabs/timid/blob/b1c6aa159ab380a033740f4aa392cf0d125e0ac6/timid/environment.py#L374-L397
rackerlabs/yoke,3,https://github.com/rackerlabs/yoke/blob/00c01d6217b77f9ce14233a0f3686ac6f7b1c247/examples/api_gateway_with_authorizer/authorizer/src/policy.py#L87-L109
ralphbean/bugwarrior,14,https://github.com/ralphbean/bugwarrior/blob/b2a5108f7b40cb0c437509b64eaa28f941f7ac8b/bugwarrior/config.py#L213-L223
rbarrois/aionotify,6,https://github.com/rbarrois/aionotify/blob/6cfa35b26a2660f77f29a92d3efb7d1dde685b43/aionotify/aioutils.py#L65-L68
rbw/flask-journey,1,https://github.com/rbw/flask-journey/blob/6181f59a7b5eef6a85b86ce6ed7d03c91f6bd285/flask_journey/journey.py#L77-L98
refenv/cijoe,13,https://github.com/refenv/cijoe/blob/21d7b2ed4ff68e0a1457e7df2db27f6334f1a379/modules/cij/runner.py#L322-L337
regebro/pyroma,3,https://github.com/regebro/pyroma/blob/ddde9d90b95477209d88a015e43dcc083138f14a/pyroma/projectdata.py#L141-L172
reingart/gui2py,39,https://github.com/reingart/gui2py/blob/aca0a05f6fcde55c94ad7cc058671a06608b01a4/gui/doc/ext/autosummary/generate.py#L274-L285
respondcreate/django-versatileimagefield,17,https://github.com/respondcreate/django-versatileimagefield/blob/d41e279c39cccffafbe876c67596184704ae8877/versatileimagefield/utils.py#L220-L247
ricobl/django-importer,3,https://github.com/ricobl/django-importer/blob/6967adfa7a286be7aaf59d3f33c6637270bd9df6/django_importer/importers/xml_importer.py#L50-L55
rochapps/django-secure-input,2,https://github.com/rochapps/django-secure-input/blob/6da714475613870f2891b2ccf3317f55b3e81107/secure_input/widgets.py#L11-L15
rocky/python3-trepan,46,https://github.com/rocky/python3-trepan/blob/14e91bc0acce090d67be145b1ac040cab92ac5f3/trepan/debugger.py#L134-L149
rodluger/pysyzygy,2,https://github.com/rodluger/pysyzygy/blob/d2b64251047cc0f0d0adeb6feab4054e7fce4b7a/pysyzygy/plot.py#L30-L55
rollbar/pyrollbar,2,https://github.com/rollbar/pyrollbar/blob/33ef2e723a33d09dd6302f978f4a3908be95b9d2/rollbar/__init__.py#L392-L417
rougeth/bottery,1,https://github.com/rougeth/bottery/blob/1c724b867fa16708d59a3dbba5dd2c3de85147a9/bottery/messenger/engine.py#L51-L67
rsennrich/Bleualign,5,https://github.com/rsennrich/Bleualign/blob/1de181dcc3257d885a2b981f751c0220c0e8958f/bleualign/gale_church.py#L188-L195
rwl/godot,25,https://github.com/rwl/godot/blob/013687c9e8983d2aa2ceebb8a76c5c4f1e37c90f/godot/ui/graph_editor.py#L270-L274
sagemath/sage-package,1,https://github.com/sagemath/sage-package/blob/6e511753fb0667b202f497fc00b763647456a066/sage_package/sphinx.py#L37-L70
saimn/sigal,1,https://github.com/saimn/sigal/blob/912ca39991355d358dc85fd55c7aeabdd7acc386/sigal/gallery.py#L494-L514
sanger-pathogens/Fastaq,5,https://github.com/sanger-pathogens/Fastaq/blob/2c775c846d2491678a9637daa320592e02c26c72/pyfastaq/sequences.py#L297-L321
savoirfairelinux/num2words,4,https://github.com/savoirfairelinux/num2words/blob/f4b2bac098ae8e4850cf2f185f6ff52a5979641f/num2words/base.py#L266-L303
saxix/sample-data-utils,8,https://github.com/saxix/sample-data-utils/blob/769f1b46e60def2675a14bd5872047af6d1ea398/sample_data_utils/people.py#L98-L115
sbneto/s3conf,2,https://github.com/sbneto/s3conf/blob/92fd2973beccc85bb21d3157ff227929e62ed695/s3conf/files.py#L16-L31
scheibler/khard,9,https://github.com/scheibler/khard/blob/0f69430c2680f1ff5f073a977a3c5b753b96cc17/khard/khard.py#L26-L38
schul-cloud/resources-api-v1,1,https://github.com/schul-cloud/resources-api-v1/blob/58b2d7ba13669fa013ef81c0ffcffbf6b3fdb52d/generators/python_client/schul_cloud_resources_api_v1/auth.py#L27-L31
scikit-learn-contrib/categorical-encoding,3,https://github.com/scikit-learn-contrib/categorical-encoding/blob/5e9e803c9131b377af305d5302723ba2415001da/examples/source_data/loaders.py#L7-L28
sendwithus/sendwithus_python,5,https://github.com/sendwithus/sendwithus_python/blob/8ae50d514febd44f7d9be3c838b4d92f99412832/sendwithus/__init__.py#L308-L346
sephii/taxi-zebra,1,https://github.com/sephii/taxi-zebra/blob/36affa22d4167e7ce5a8c7c6eaf5adc4cbfcfb5d/taxi_zebra/backend.py#L63-L72
seporaitis/mysqlparse,1,https://github.com/seporaitis/mysqlparse/blob/c327c5a1d8d6d143b67f789be7dc80357a1a5556/mysqlparse/__init__.py#L11-L29
sergedomk/fiql_parser,3,https://github.com/sergedomk/fiql_parser/blob/499dd7cd0741603530ce5f3803d92813e74ac9c3/fiql_parser/expression.py#L44-L56
sergei-maertens/django-systemjs,1,https://github.com/sergei-maertens/django-systemjs/blob/efd4a3862a39d9771609a25a5556f36023cf6e5c/systemjs/jspm.py#L8-L21
shakefu/pyconfig,4,https://github.com/shakefu/pyconfig/blob/000cb127db51e03cb4070aae6943e956193cbad5/pyconfig/__init__.py#L516-L555
shalabhms/reliable-collections-cli,1,https://github.com/shalabhms/reliable-collections-cli/blob/195d69816fb5a6e1e9ab0ab66b606b1248b4780d/rcctl/rcctl/config.py#L116-L135
shaunduncan/giphypop,11,https://github.com/shaunduncan/giphypop/blob/21e7f51c4f000ae24be3805b7eeec52bcce3d390/giphypop.py#L206-L222
shoebot/shoebot,32,https://github.com/shoebot/shoebot/blob/d554c1765c1899fa25727c9fc6805d221585562b/shoebot/grammar/bot.py#L137-L157
shopkick/flawless,2,https://github.com/shopkick/flawless/blob/c54b63ca1991c153e6f75080536f6df445aacc64/flawless/client/decorators.py#L44-L58
sigmaris/python-gssapi,1,https://github.com/sigmaris/python-gssapi/blob/a8ca577b3ccf9d9fa48f16f4954a1eddd5896236/gssapi/oids.py#L70-L91
singularityhub/sregistry-cli,69,https://github.com/singularityhub/sregistry-cli/blob/abc96140a1d15b5e96d83432e1e0e1f4f8f36331/sregistry/main/base/http.py#L40-L44
six8/polydatum,2,https://github.com/six8/polydatum/blob/c98a498f8e7972218903ec027f6de78089726c1d/src/polydatum/services.py#L16-L29
skioo/django-datatrans-gateway,2,https://github.com/skioo/django-datatrans-gateway/blob/1c4de5b589403e4ec3aadc4ff2fc1eb17b34bcc7/datatrans/gateway/payment_parameters.py#L40-L66
slacy/minimongo,2,https://github.com/slacy/minimongo/blob/29f38994831163b17bc625c82258068f1f90efa5/minimongo/collection.py#L44-L48
sloria/aiohttp_utils,2,https://github.com/sloria/aiohttp_utils/blob/e5b41452f8077e7d749715606b1560f4b50e3d71/aiohttp_utils/negotiation.py#L176-L215
snare/scruffy,7,https://github.com/snare/scruffy/blob/0fedc08cfdb6db927ff93c09f25f24ce5a04c541/scruffy/file.py#L201-L210
snjoetw/py-synology,7,https://github.com/snjoetw/py-synology/blob/4f7eb0a3a9f86c24ad65993802e6fb11fbaa1f7f/synology/api.py#L135-L151
snowplow/snowplow-python-analytics-sdk,3,https://github.com/snowplow/snowplow-python-analytics-sdk/blob/0ddca91e3f6d8bed88627fa557790aa4868bdace/snowplow_analytics_sdk/run_manifests.py#L212-L227
soimort/you-get,10,https://github.com/soimort/you-get/blob/b746ac01c9f39de94cac2d56f665285b0523b974/src/you_get/extractors/veoh.py#L8-L16
solvebio/solvebio-python,19,https://github.com/solvebio/solvebio-python/blob/b29614643043afd19c1d8074e8f25c6700d51a73/solvebio/annotate.py#L39-L64
sophilabs/django-qurl-templatetag,1,https://github.com/sophilabs/django-qurl-templatetag/blob/8a785b112437d05cb54846b79012967fee1cb534/qurl_templatetag/qurl.py#L29-L37
spdx/tools-python,4,https://github.com/spdx/tools-python/blob/301d72f6ae57c832c1da7f6402fa49b192de6810/spdx/parsers/tagvalue.py#L586-L593
spotify/pyschema,4,https://github.com/spotify/pyschema/blob/7e6c3934150bcb040c628d74ace6caf5fcf867df/pyschema/core.py#L589-L628
srevenant/onetimejwt,2,https://github.com/srevenant/onetimejwt/blob/f3ed561253eb4a8e1522c64f59bf64d275e9d315/onetimejwt/__init__.py#L89-L102
ssherar/hook,1,https://github.com/ssherar/hook/blob/54160df554d8b2ed65d762168e5808487e873ed9/hook/model.py#L26-L38
stevelittlefish/littlefish,16,https://github.com/stevelittlefish/littlefish/blob/6deee7f81fab30716c743efe2e94e786c6e17016/littlefish/xmlutil.py#L14-L24
streamlink/streamlink,42,https://github.com/streamlink/streamlink/blob/c8ed1daff14ac03195870238b9b900c1109dd5c1/src/streamlink/plugins/bbciplayer.py#L122-L138
sublee/zeronimo,10,https://github.com/sublee/zeronimo/blob/b216638232932718d2cbc5eabd870c8f5b5e83fb/zeronimo/messaging.py#L90-L100
sundarnagarajan/cffi_utils,7,https://github.com/sundarnagarajan/cffi_utils/blob/1d5ab2d2fcb962372228033106bc23f1d73d31fa/cffi_utils/py2to3.py#L217-L232
susam/ice,2,https://github.com/susam/ice/blob/532e685c504ea96f9e42833594585159ac1d2068/ice.py#L381-L396
swharden/SWHLab,4,https://github.com/swharden/SWHLab/blob/a86c3c65323cec809a4bd4f81919644927094bf5/doc/oldcode/swhlab/core/common.py#L704-L728
synw/gencharts,6,https://github.com/synw/gencharts/blob/fa35604a9445b399bb4f91bc91af488e8e8208fd/gencharts/__init__.py#L179-L221
takluyver/entrypoints,2,https://github.com/takluyver/entrypoints/blob/d7db29fd6136f86498d8c374f531d4c198d66bf6/entrypoints.py#L219-L228
tdryer/hangups,1,https://github.com/tdryer/hangups/blob/85c0bf0a57698d077461283895707260f9dbf931/hangups/ui/__main__.py#L180-L190
tehmaze/diagram,3,https://github.com/tehmaze/diagram/blob/1701526a91c14dc8ebc6452c45c8ec9a563a56db/diagram.py#L179-L212
tek/amino,3,https://github.com/tek/amino/blob/51b314933e047a45587a24ecff02c836706d27ff/amino/string/hues.py#L65-L70
tensorflow/probability,87,https://github.com/tensorflow/probability/blob/e87fe34111d68c35db0f9eeb4935f1ece9e1a8f5/tensorflow_probability/python/internal/assert_util.py#L44-L73
tensorforce/tensorforce,5,https://github.com/tensorforce/tensorforce/blob/520a8d992230e382f08e315ede5fc477f5e26bfb/tensorforce/contrib/game_2048.py#L181-L194
tensorlayer/tensorlayer,3,https://github.com/tensorlayer/tensorlayer/blob/aa9e52e36c7058a7e6fd81d36563ca6850b21956/tensorlayer/layers/convolution/deformable_conv.py#L158-L162
textbook/aslack,2,https://github.com/textbook/aslack/blob/9ac6a44e4464180109fa4be130ad7a980a9d1acc/aslack/slack_bot/bot.py#L104-L136
theduke/django-baseline,6,https://github.com/theduke/django-baseline/blob/7be8b956e53c70b35f34e1783a8fe8f716955afb/django_baseline/models.py#L8-L18
thusoy/pwm,2,https://github.com/thusoy/pwm/blob/fff7d755c34f3a7235a8bf217ffa2ff5aed4926f/pwm/encoding.py#L55-L61
timheap/django-enumchoicefield,2,https://github.com/timheap/django-enumchoicefield/blob/59e230f8eed086c87ac6a9243448d2cd9adfc250/enumchoicefield/fields.py#L51-L59
tjkessler/PyGenetics,6,https://github.com/tjkessler/PyGenetics/blob/b78ee6393605d6e85d2279fb05f3983f5833df40/pygenetics/ga_core.py#L176-L191
tmontaigu/pylas,5,https://github.com/tmontaigu/pylas/blob/8335a1a7d7677f0e4bc391bb6fa3c75b42ed5b06/pylas/point/format.py#L102-L105
tnkteja/myhelp,56,https://github.com/tnkteja/myhelp/blob/fb3a4809d448ad14d5b2e6ddf2e7e89ad52b71cb/virtualEnvironment/lib/python2.7/site-packages/coverage/data.py#L78-L91
tomMoral/loky,5,https://github.com/tomMoral/loky/blob/dc2d941d8285a96f3a5b666a4bd04875b0b25984/loky/backend/utils.py#L119-L138
tomasbasham/dominos,8,https://github.com/tomasbasham/dominos/blob/59729a8bdca0ae30a84115a0e93e9b1f259faf0e/dominos/api.py#L250-L260
tomekwojcik/ForgeryPy,4,https://github.com/tomekwojcik/ForgeryPy/blob/0d1864e86b4362d8d6c215c618e8451d39a7a567/forgery_py/forgery/lorem_ipsum.py#L91-L106
tomv564/pyls-mypy,2,https://github.com/tomv564/pyls-mypy/blob/e488270437ae444865fdf590ddec8943efbf2332/pyls_mypy/plugin.py#L8-L39
tonyfischetti/sake,1,https://github.com/tonyfischetti/sake/blob/b7ad20fe8e7137db99a20ac06b8da26492601b00/sakelib/build.py#L250-L301
tonyseek/flask-navigation,1,https://github.com/tonyseek/flask-navigation/blob/38fa83addcbe62f31516763fbe3c0bbdc793dc96/flask_navigation/item.py#L68-L77
topic2k/pygcgen,4,https://github.com/topic2k/pygcgen/blob/c41701815df2c8c3a57fd5f7b8babe702127c8a1/pygcgen/generator.py#L156-L182
trailofbits/manticore,6,https://github.com/trailofbits/manticore/blob/54c5a15b1119c523ae54c09972413e8b97f11629/manticore/native/cpu/x86.py#L4776-L4797
trec-kba/streamcorpus-pipeline,15,https://github.com/trec-kba/streamcorpus-pipeline/blob/8bb82ea1beb83c6b40ed03fa1659df2897c2292a/streamcorpus_pipeline/_kvlayer.py#L182-L213
treycucco/pyebnf,35,https://github.com/treycucco/pyebnf/blob/3634ddabbe5d73508bcc20f4a591f86a46634e1d/pyebnf/primitive.py#L113-L138
trp07/messages,11,https://github.com/trp07/messages/blob/7789ebc960335a59ea5d319fceed3dd349023648/messages/telegram.py#L163-L190
twaddington/django-gravatar,1,https://github.com/twaddington/django-gravatar/blob/c4849d93ed43b419eceff0ff2de83d4265597629/django_gravatar/templatetags/gravatar.py#L24-L41
ubyssey/dispatch,8,https://github.com/ubyssey/dispatch/blob/8da6084fe61726f20e9cf675190480cfc45ee764/dispatch/api/fields.py#L16-L20
ui/django-thumbnails,4,https://github.com/ui/django-thumbnails/blob/5cef55e7f167060458709ed760dd43981124796a/thumbnails/utils.py#L21-L48
umich-brcf-bioinf/Jacquard,5,https://github.com/umich-brcf-bioinf/Jacquard/blob/83dd61dd2b5e4110468493beec7bc121e6cb3cd1/setup.py#L23-L26
un33k/django-toolware,6,https://github.com/un33k/django-toolware/blob/973f3e003dc38b812897dab88455bee37dcaf931/toolware/templatetags/strings.py#L33-L40
ungarj/mapchete,11,https://github.com/ungarj/mapchete/blob/d482918d0e66a5b414dff6aa7cc854e01fc60ee4/mapchete/config.py#L785-L813
uogbuji/amara3-xml,20,https://github.com/uogbuji/amara3-xml/blob/88c18876418cffc89bb85b4a3193e5002b6b39a6/pylib/uxml/uxpath/ast.py#L135-L157
uploadcare/pyuploadcare,4,https://github.com/uploadcare/pyuploadcare/blob/cefddc0306133a71e37b18e8700df5948ef49b37/pyuploadcare/api_resources.py#L159-L166
urinieto/msaf,16,https://github.com/urinieto/msaf/blob/9dbb57d77a1310465a65cc40f1641d083ca74385/msaf/base.py#L450-L485
urschrei/pyzotero,11,https://github.com/urschrei/pyzotero/blob/b378966b30146a952f7953c23202fb5a1ddf81d9/pyzotero/zotero.py#L1939-L1961
uucidl/uu.xunitgen,2,https://github.com/uucidl/uu.xunitgen/blob/3c74fe60dfd15a528622195577f2aab3027693f0/xunitgen/disk_writing.py#L23-L46
uw-it-aca/uw-restclients-canvas,19,https://github.com/uw-it-aca/uw-restclients-canvas/blob/9845faf33d49a8f06908efc22640c001116d6ea2/uw_canvas/users.py#L61-L75
uw-it-aca/uw-restclients-gws,2,https://github.com/uw-it-aca/uw-restclients-gws/blob/2aa6038d5f83027bae680e52fc38c2ec0cd192c5/uw_gws/__init__.py#L182-L195
vaexio/vaex,50,https://github.com/vaexio/vaex/blob/a45b672f8287afca2ada8e36b74b604b9b28dd85/packages/vaex-ui/vaex/ui/plot_windows.py#L588-L601
vahtras/findifftool,3,https://github.com/vahtras/findifftool/blob/d1b36cc852acc2594c95a4bf7a786d68369802b3/findifftool/core.py#L18-L38
versae/ipython-cypher,1,https://github.com/versae/ipython-cypher/blob/1e88bd8227743e70b78af42e0e713ae8803485e1/src/cypher/run.py#L35-L45
victor-o-silva/db_file_storage,1,https://github.com/victor-o-silva/db_file_storage/blob/ff5375422246c42b8a7bba558f1c3b49bb985f36/db_file_storage/model_utils.py#L39-L46
vingd/encrypted-pickle-python,8,https://github.com/vingd/encrypted-pickle-python/blob/7656233598e02e65971f69e11849a0f288b2b2a5/encryptedpickle/encryptedpickle.py#L344-L360
vinsci/geohash,1,https://github.com/vinsci/geohash/blob/f31e613e1d2cf97c5e99e78dc2a88383c919b2f0/Geohash/geohash.py#L76-L109
vkorn/pyvizio,4,https://github.com/vkorn/pyvizio/blob/7153c9ad544195c867c14f8f03c97dba416c0a7a/custom_components/vizio/media_player.py#L134-L161
voidpp/vcp,2,https://github.com/voidpp/vcp/blob/5538cdb7b43029db9aac9edad823cd87afd89ab5/vcp/project_handler_base.py#L56-L88
voxpupuli/pypuppetdb,1,https://github.com/voxpupuli/pypuppetdb/blob/cedeecf48014b4ad5b8e2513ca8230c814f45603/pypuppetdb/api.py#L655-L680
vpelletier/python-libaio,1,https://github.com/vpelletier/python-libaio/blob/5b5a2fed5418e2bd1ac9197fa46c69dae86c6fe3/libaio/__init__.py#L414-L442
vrtsystems/hszinc,1,https://github.com/vrtsystems/hszinc/blob/d52a7c6b5bc466f3c1a77b71814c8c0776aba995/hszinc/zincparser.py#L154-L192
wagtail/django-modelcluster,4,https://github.com/wagtail/django-modelcluster/blob/bfc8bd755af0ddd49e2aee2f2ca126921573d38b/modelcluster/models.py#L172-L202
wangwenpei/fantasy,1,https://github.com/wangwenpei/fantasy/blob/0fe92059bd868f14da84235beb05b217b1d46e4a/fantasy/utils.py#L14-L26
waqasbhatti/astrobase,10,https://github.com/waqasbhatti/astrobase/blob/2922a14619d183fb28005fa7d02027ac436f2265/astrobase/services/tic.py#L127-L172
wbond/oscrypto,11,https://github.com/wbond/oscrypto/blob/af778bf1c88bf6c4a7342f5353b130686a5bbe1c/oscrypto/_tls.py#L318-L349
welbornprod/fmtblock,1,https://github.com/welbornprod/fmtblock/blob/92a5529235d557170ed21e058e3c5995197facbe/fmtblock/__main__.py#L142-L177
wildfish/argparsetree,1,https://github.com/wildfish/argparsetree/blob/424fb13847c4788cad7084233d008d14e17b901c/argparsetree/cmd.py#L71-L87
willemarcel/osmcha,2,https://github.com/willemarcel/osmcha/blob/9a22ed11834ed20c6b91e7b5685f66880ea09350/osmcha/changeset.py#L79-L94
williballenthin/ida-settings,4,https://github.com/williballenthin/ida-settings/blob/ddfeab5bd0b6f6f177d0d50f8078c585602b1d9e/ida_settings/ida_settings.py#L599-L607
willkg/markus,2,https://github.com/willkg/markus/blob/0cfbe67fb7ccfa7488b0120d21ddc0cdc1f8ed33/markus/backends/logging.py#L212-L217
willthames/ansible-review,2,https://github.com/willthames/ansible-review/blob/c55c8f1d1c009f48c289160a28188ff2f3152486/lib/ansiblereview/vars.py#L7-L38
wimglenn/wimpy,1,https://github.com/wimglenn/wimpy/blob/4e8ebe4e7052d88c9f88ac7dcaa1b587cc2cf86e/wimpy/util.py#L41-L48
worldcompany/djangoembed,3,https://github.com/worldcompany/djangoembed/blob/f3f2be283441d91d1f89db780444dc75f7b51902/oembed/sites.py#L186-L218
wreckage/django-happenings,13,https://github.com/wreckage/django-happenings/blob/7bca5576efa6cd4c4e87356bf9e5b8cd538ae91d/happenings/utils/common.py#L48-L57
xeroc/python-graphenelib,12,https://github.com/xeroc/python-graphenelib/blob/8bb5396bc79998ee424cf3813af478304173f3a6/graphenecommon/amount.py#L159-L166
xmikos/soapy_power,4,https://github.com/xmikos/soapy_power/blob/46e12659b8d08af764dc09a1f31b0e85a68f808f/soapypower/__main__.py#L15-L28
xtuml/pyxtuml,40,https://github.com/xtuml/pyxtuml/blob/7dd9343b9a0191d1db1887ab9288d0a026608d9a/bridgepoint/oal.py#L1634-L1638
yandex/yandex-tank,22,https://github.com/yandex/yandex-tank/blob/d71d63b6ab5de8b8a5ea2b728b6ab9ac0b1ba71b/yandextank/common/util.py#L344-L367
ybrs/single-beat,2,https://github.com/ybrs/single-beat/blob/d036b62d2531710dfd806e9dc2a8d67c77616082/singlebeat/beat.py#L259-L278
yinkaisheng/Python-UIAutomation-for-Windows,2,https://github.com/yinkaisheng/Python-UIAutomation-for-Windows/blob/2cc91060982cc8b777152e698d677cc2989bf263/uiautomation/uiautomation.py#L4489-L4506
yohell/python-tui,2,https://github.com/yohell/python-tui/blob/de2e678e2f00e5940de52c000214dbcb8812a222/tui/__init__.py#L1535-L1548
yougov/openpack,3,https://github.com/yougov/openpack/blob/1412ec34c1bab6ba6c8ae5490c2205d696f13717/openpack/zippack.py#L61-L78
ze-phyr-us/django-libretto,1,https://github.com/ze-phyr-us/django-libretto/blob/b19d8aa21b9579ee91e81967a44d1c40f5588b17/django_libretto/url.py#L6-L31
zenodo/zenodo-accessrequests,14,https://github.com/zenodo/zenodo-accessrequests/blob/ce2cf3f1425d02ba4f3ad3202cfca43a1892558a/zenodo_accessrequests/models.py#L360-L369
zinic/pynsive,2,https://github.com/zinic/pynsive/blob/15bc8b35a91be5817979eb327427b6235b1b411e/pynsive/reflection.py#L114-L136
zloidemon/aiohttp_jrpc,3,https://github.com/zloidemon/aiohttp_jrpc/blob/f2ced214844041aa6f18b6bf6e5abeef7b47735e/aiohttp_jrpc/__init__.py#L62-L77
zomux/deepy,23,https://github.com/zomux/deepy/blob/090fbad22a08a809b12951cd0d4984f5bd432698/deepy/layers/layer.py#L111-L121
zqfang/GSEApy,11,https://github.com/zqfang/GSEApy/blob/673e9ec1391e3b14d3e8a4353117151fd2cb9345/gseapy/parser.py#L225-L229
zsiciarz/pyaavso,1,https://github.com/zsiciarz/pyaavso/blob/d3b9eb17bcecc6652841606802b5713fd6083cc1/pyaavso/parsers/webobs.py#L34-L56
